venue_name,venue_id,sample_venue_url,activity_names,activity_ids
ActiveSG Courts @ Farrer Park,ZzOIBo3bAxKtZbDfRyxlM,https://activesg.gov.sg/facility-bookings/activities/BPQihVHITc7IPGorVeB2Y/venues/ZzOIBo3bAxKtZbDfRyxlM/timeslots,Pickleball | Free To Play Pickleball,BPQihVHITc7IPGorVeB2Y | FzbXNGKouomWJ4x9uPKrh
ActiveSG Hockey Village @ Boon Lay Futsal Pitch,wgAoxeZVI9pO2ItFEcHaY,https://activesg.gov.sg/facility-bookings/activities/CF6ecxA4HkJgUabDMGsWo/venues/wgAoxeZVI9pO2ItFEcHaY/timeslots,Futsal,CF6ecxA4HkJgUabDMGsWo
ActiveSG Hockey Village @ Boon Lay Hockey 5s Pitch,usHFVVePdIc7s5Or5geJx,https://activesg.gov.sg/facility-bookings/activities/oiJVOW7FNTuKB07f1JaZU/venues/usHFVVePdIc7s5Or5geJx/timeslots,Hockey | Hockey (Night),oiJVOW7FNTuKB07f1JaZU | W8c1ujw048h9x2zq41dBA
ActiveSG Sport Park @ Bedok North,Yc4uczgA8kzc9UDaUfAWS,https://activesg.gov.sg/facility-bookings/activities/BPQihVHITc7IPGorVeB2Y/venues/Yc4uczgA8kzc9UDaUfAWS/timeslots,Pickleball | Basketball,BPQihVHITc7IPGorVeB2Y | CyIu0PE42fqR0SHD7XwMB
ActiveSG Sport Park @ Teck Ghee Futsal Pitch,cWjh0qfm1QlAc7zBodTrr,https://activesg.gov.sg/facility-bookings/activities/CF6ecxA4HkJgUabDMGsWo/venues/cWjh0qfm1QlAc7zBodTrr/timeslots,Futsal,CF6ecxA4HkJgUabDMGsWo
ActiveSG Sport Park @ Teck Ghee Outdoor Courts,LTr2zrpBMEB5ZStM7dEKS,https://activesg.gov.sg/facility-bookings/activities/9cFQTCUF86O2OrQK79Bgz/venues/LTr2zrpBMEB5ZStM7dEKS/timeslots,Basketball 3x3 | Free To Play,9cFQTCUF86O2OrQK79Bgz | naPJABNOkipmCtzJsHzHo
ActiveSG Sport Village @ Jurong Town - ActiveGroove Dance Zone,QyW8aCni0Q5uXKeG4XXfU,https://activesg.gov.sg/facility-bookings/activities/DbJUiIz38SkngQHk2Eg07/venues/QyW8aCni0Q5uXKeG4XXfU/timeslots,Dance,DbJUiIz38SkngQHk2Eg07
ActiveSG Sport Village @ Jurong Town Football Field,bdUXdlXQ6XQA0YnW1Xj5L,https://activesg.gov.sg/facility-bookings/activities/NgyHfjIo82MJwxldnLRxi/venues/bdUXdlXQ6XQA0YnW1Xj5L/timeslots,Soccer (5-A-Side) | Soccer (7-A-Side),NgyHfjIo82MJwxldnLRxi | qncjv4qUwFjNBWiracXd9
ActiveSG Sport Village @ Jurong Town Hockey Pitch,i9efqiOq9yQaPr2JQQpAt,https://activesg.gov.sg/facility-bookings/activities/oiJVOW7FNTuKB07f1JaZU/venues/i9efqiOq9yQaPr2JQQpAt/timeslots,Hockey | Hockey (Night),oiJVOW7FNTuKB07f1JaZU | W8c1ujw048h9x2zq41dBA
ActiveSG Sport Village @ Jurong Town Multi-Purpose Courts,RqFUpWU1CRBb1GRpEoi7t,https://activesg.gov.sg/facility-bookings/activities/hPnw2Ge2q70MouHQNISJe/venues/RqFUpWU1CRBb1GRpEoi7t/timeslots,Handball | Hockey,hPnw2Ge2q70MouHQNISJe | oiJVOW7FNTuKB07f1JaZU
ActiveSG Sport Village @ Jurong Town Outdoor Pickleball Courts,SkHvZCbrLG5YKE1mDcUXV,https://activesg.gov.sg/facility-bookings/activities/BPQihVHITc7IPGorVeB2Y/venues/SkHvZCbrLG5YKE1mDcUXV/timeslots,Pickleball,BPQihVHITc7IPGorVeB2Y
ActiveSG Sport Village @ Jurong Town Tennis Courts,YdAWuvRWteCWjKfnHSUVa,https://activesg.gov.sg/facility-bookings/activities/B0KovYOcQun1mA4VowDq0/venues/YdAWuvRWteCWjKfnHSUVa/timeslots,Tennis,B0KovYOcQun1mA4VowDq0
Admiralty Primary School Field,oLfFqbG6fcbPSoyVhbCOe,https://activesg.gov.sg/facility-bookings/activities/naPJABNOkipmCtzJsHzHo/venues/oLfFqbG6fcbPSoyVhbCOe/timeslots,Free To Play,naPJABNOkipmCtzJsHzHo
Admiralty Primary School Hall,d1LKU6XBvvhYccrUbpvqF,https://activesg.gov.sg/facility-bookings/activities/YLONatwvqJfikKOmB5N9U/venues/d1LKU6XBvvhYccrUbpvqF/timeslots,Badminton,YLONatwvqJfikKOmB5N9U
Ahmad Ibrahim Primary School Hall,PvhdUQ2KY3WRjek2YRjsR,https://activesg.gov.sg/facility-bookings/activities/CyIu0PE42fqR0SHD7XwMB/venues/PvhdUQ2KY3WRjek2YRjsR/timeslots,Basketball,CyIu0PE42fqR0SHD7XwMB
Ahmad Ibrahim Secondary School Hall,7bg9Z7WtSvoLMpgxWGjTs,https://activesg.gov.sg/facility-bookings/activities/YLONatwvqJfikKOmB5N9U/venues/7bg9Z7WtSvoLMpgxWGjTs/timeslots,Badminton,YLONatwvqJfikKOmB5N9U
Ai Tong Primary School Field,7plzPOZFgUazOpQPay8N7,https://activesg.gov.sg/facility-bookings/activities/naPJABNOkipmCtzJsHzHo/venues/7plzPOZFgUazOpQPay8N7/timeslots,Free To Play,naPJABNOkipmCtzJsHzHo
Anchor Green Primary School Hall,1H7SSWewlpNYu9cmoXPn2,https://activesg.gov.sg/facility-bookings/activities/YLONatwvqJfikKOmB5N9U/venues/1H7SSWewlpNYu9cmoXPn2/timeslots,Badminton,YLONatwvqJfikKOmB5N9U
Anderson Secondary School Field,385TK6nllDXEkMOnTgBU7,https://activesg.gov.sg/facility-bookings/activities/qSP0nrWIP8357EAeeLo4Z/venues/385TK6nllDXEkMOnTgBU7/timeslots,Soccer,qSP0nrWIP8357EAeeLo4Z
Anderson Secondary School Hall,i2gVzIPBgPFpwaZ8zEQSr,https://activesg.gov.sg/facility-bookings/activities/BPQihVHITc7IPGorVeB2Y/venues/i2gVzIPBgPFpwaZ8zEQSr/timeslots,Pickleball,BPQihVHITc7IPGorVeB2Y
Ang Mo Kio Primary School Hall,zmOAv5FPai8EuPpHBvmi2,https://activesg.gov.sg/facility-bookings/activities/YLONatwvqJfikKOmB5N9U/venues/zmOAv5FPai8EuPpHBvmi2/timeslots,Badminton,YLONatwvqJfikKOmB5N9U
Ang Mo Kio Secondary School Hall,w4BdEnmBot9EltIpIFrBz,https://activesg.gov.sg/facility-bookings/activities/3HIXIVGIe4qgenT2kKc3F/venues/w4BdEnmBot9EltIpIFrBz/timeslots,Volleyball,3HIXIVGIe4qgenT2kKc3F
Bartley Secondary School Field,A1QesgANIXK8Z83BEYasC,https://activesg.gov.sg/facility-bookings/activities/qSP0nrWIP8357EAeeLo4Z/venues/A1QesgANIXK8Z83BEYasC/timeslots,Soccer,qSP0nrWIP8357EAeeLo4Z
Bartley Secondary School Hall,VXAqoOIakjxXRo9we6zcI,https://activesg.gov.sg/facility-bookings/activities/3HIXIVGIe4qgenT2kKc3F/venues/VXAqoOIakjxXRo9we6zcI/timeslots,Volleyball,3HIXIVGIe4qgenT2kKc3F
Beacon Primary School Hall,9zE1soYz9gKof24042MyX,https://activesg.gov.sg/facility-bookings/activities/YLONatwvqJfikKOmB5N9U/venues/9zE1soYz9gKof24042MyX/timeslots,Badminton,YLONatwvqJfikKOmB5N9U
Beatty Secondary School Field,9GMFfwLX5taKnT29w8HTy,https://activesg.gov.sg/facility-bookings/activities/qSP0nrWIP8357EAeeLo4Z/venues/9GMFfwLX5taKnT29w8HTy/timeslots,Soccer,qSP0nrWIP8357EAeeLo4Z
Beatty Secondary School Hall,063L3ZyshZUjdw8xxgUpK,https://activesg.gov.sg/facility-bookings/activities/YLONatwvqJfikKOmB5N9U/venues/063L3ZyshZUjdw8xxgUpK/timeslots,Badminton,YLONatwvqJfikKOmB5N9U
Bedok Green Primary School Hall,PgIZQ3UXAZU2wnH1dcFc6,https://activesg.gov.sg/facility-bookings/activities/YLONatwvqJfikKOmB5N9U/venues/PgIZQ3UXAZU2wnH1dcFc6/timeslots,Badminton,YLONatwvqJfikKOmB5N9U
Bedok Green Secondary School Field,3L7hWZXqBYgTMexPZcfmM,https://activesg.gov.sg/facility-bookings/activities/qSP0nrWIP8357EAeeLo4Z/venues/3L7hWZXqBYgTMexPZcfmM/timeslots,Soccer,qSP0nrWIP8357EAeeLo4Z
Bedok Green Secondary School Hall,ViDRjifxeezMw2VQFMmNG,https://activesg.gov.sg/facility-bookings/activities/CyIu0PE42fqR0SHD7XwMB/venues/ViDRjifxeezMw2VQFMmNG/timeslots,Basketball,CyIu0PE42fqR0SHD7XwMB
Bedok South Secondary School Field,qkiIbcxSnJDmjSt4aAF8t,https://activesg.gov.sg/facility-bookings/activities/qSP0nrWIP8357EAeeLo4Z/venues/qkiIbcxSnJDmjSt4aAF8t/timeslots,Soccer,qSP0nrWIP8357EAeeLo4Z
Bedok South Secondary School Hall,5TIAp1oDwn8B1grH4hoyi,https://activesg.gov.sg/facility-bookings/activities/YLONatwvqJfikKOmB5N9U/venues/5TIAp1oDwn8B1grH4hoyi/timeslots,Badminton,YLONatwvqJfikKOmB5N9U
Bedok Stadium,FIT9l3oqllcaote45oQAr,https://activesg.gov.sg/facility-bookings/activities/BPQihVHITc7IPGorVeB2Y/venues/FIT9l3oqllcaote45oQAr/timeslots,Pickleball,BPQihVHITc7IPGorVeB2Y
Bendemeer Primary School Field,P7JGNmmr4pBau9Ojr5NNS,https://activesg.gov.sg/facility-bookings/activities/naPJABNOkipmCtzJsHzHo/venues/P7JGNmmr4pBau9Ojr5NNS/timeslots,Free To Play,naPJABNOkipmCtzJsHzHo
Bendemeer Primary School Hall,niow1h8bvTWqvEjuooABc,https://activesg.gov.sg/facility-bookings/activities/YLONatwvqJfikKOmB5N9U/venues/niow1h8bvTWqvEjuooABc/timeslots,Badminton,YLONatwvqJfikKOmB5N9U
Bendemeer Secondary School Field,cqzGOxH9kGTp4DzDO9zMO,https://activesg.gov.sg/facility-bookings/activities/qSP0nrWIP8357EAeeLo4Z/venues/cqzGOxH9kGTp4DzDO9zMO/timeslots,Soccer,qSP0nrWIP8357EAeeLo4Z
Bendemeer Secondary School Hall,t9aTrkSIyYRuRo1Ucd3Xv,https://activesg.gov.sg/facility-bookings/activities/YLONatwvqJfikKOmB5N9U/venues/t9aTrkSIyYRuRo1Ucd3Xv/timeslots,Badminton,YLONatwvqJfikKOmB5N9U
Bishan Clubhouse,GdiZXcMkIKELrCkd90qBP,https://activesg.gov.sg/facility-bookings/activities/YLONatwvqJfikKOmB5N9U/venues/GdiZXcMkIKELrCkd90qBP/timeslots,Badminton | Squash | Basketball | Futsal | Tennis,YLONatwvqJfikKOmB5N9U | LpU5wm359gvhKzEvHFt6F | CyIu0PE42fqR0SHD7XwMB | CF6ecxA4HkJgUabDMGsWo | B0KovYOcQun1mA4VowDq0
Bishan Sport Centre - ActiveGroove Dance Zone,QYx8AEkKqkGRvKbtU4M7P,https://activesg.gov.sg/facility-bookings/activities/DbJUiIz38SkngQHk2Eg07/venues/QYx8AEkKqkGRvKbtU4M7P/timeslots,Dance,DbJUiIz38SkngQHk2Eg07
Bishan Sport Hall,LpiaS3dnMUXa39CrtTm9w,https://activesg.gov.sg/facility-bookings/activities/YLONatwvqJfikKOmB5N9U/venues/LpiaS3dnMUXa39CrtTm9w/timeslots,Badminton | Table Tennis,YLONatwvqJfikKOmB5N9U | lpa7rfS4ShmUUt7XsFJlD
Blangah Rise Primary School Field,ox5uprhtzxwDtzxYU1WFd,https://activesg.gov.sg/facility-bookings/activities/naPJABNOkipmCtzJsHzHo/venues/ox5uprhtzxwDtzxYU1WFd/timeslots,Free To Play,naPJABNOkipmCtzJsHzHo
Blangah Rise Primary School Hall,wfqNsxOYnCEBQ0kk5ENjq,https://activesg.gov.sg/facility-bookings/activities/YLONatwvqJfikKOmB5N9U/venues/wfqNsxOYnCEBQ0kk5ENjq/timeslots,Badminton,YLONatwvqJfikKOmB5N9U
Boon Lay Garden Primary School Hall,D3w04WtlAzPuE8yAnhS76,https://activesg.gov.sg/facility-bookings/activities/8WxkVBEDsT9TzydhZ81pK/venues/D3w04WtlAzPuE8yAnhS76/timeslots,Netball,8WxkVBEDsT9TzydhZ81pK
Boon Lay Secondary School Field,whRDI9Nmn4cmsMfCueq1r,https://activesg.gov.sg/facility-bookings/activities/qSP0nrWIP8357EAeeLo4Z/venues/whRDI9Nmn4cmsMfCueq1r/timeslots,Soccer,qSP0nrWIP8357EAeeLo4Z
Boon Lay Secondary School Hall,eqzbNMrlMOTaSzDvEF05p,https://activesg.gov.sg/facility-bookings/activities/YLONatwvqJfikKOmB5N9U/venues/eqzbNMrlMOTaSzDvEF05p/timeslots,Badminton,YLONatwvqJfikKOmB5N9U
Bowen Secondary School Field,IFKxCpkQ5HKWKurraLD4t,https://activesg.gov.sg/facility-bookings/activities/qSP0nrWIP8357EAeeLo4Z/venues/IFKxCpkQ5HKWKurraLD4t/timeslots,Soccer,qSP0nrWIP8357EAeeLo4Z
Bowen Secondary School Hall,DS2Y95tMEksERLSJfBSBz,https://activesg.gov.sg/facility-bookings/activities/YLONatwvqJfikKOmB5N9U/venues/DS2Y95tMEksERLSJfBSBz/timeslots,Badminton,YLONatwvqJfikKOmB5N9U
Broadrick Secondary School Field,WzEJq3htb1r9ed8iG6GAb,https://activesg.gov.sg/facility-bookings/activities/qSP0nrWIP8357EAeeLo4Z/venues/WzEJq3htb1r9ed8iG6GAb/timeslots,Soccer,qSP0nrWIP8357EAeeLo4Z
Broadrick Secondary School Hall,uDEmJNR8H0JIs9sjq5EN9,https://activesg.gov.sg/facility-bookings/activities/bkymg5uAXztk5EVTXCmyk/venues/uDEmJNR8H0JIs9sjq5EN9/timeslots,Floorball,bkymg5uAXztk5EVTXCmyk
Bukit Batok Secondary School Field,tQYML4OlzfBYbHakLpRo5,https://activesg.gov.sg/facility-bookings/activities/naPJABNOkipmCtzJsHzHo/venues/tQYML4OlzfBYbHakLpRo5/timeslots,Free To Play,naPJABNOkipmCtzJsHzHo
Bukit Batok Secondary School Sheltered Court,PT3K2rlHBuuOaPVlFQ4r1,https://activesg.gov.sg/facility-bookings/activities/KWBGwQORaitqiM0VhF8Oe/venues/PT3K2rlHBuuOaPVlFQ4r1/timeslots,Free To Play Basketball,KWBGwQORaitqiM0VhF8Oe
Bukit Canberra Active Lawn,0O9qW12pmRjRDy0mmrvsN,https://activesg.gov.sg/facility-bookings/activities/naPJABNOkipmCtzJsHzHo/venues/0O9qW12pmRjRDy0mmrvsN/timeslots,Free To Play,naPJABNOkipmCtzJsHzHo
Bukit Canberra Sport Hall,wpSdUk0uledoInNjK3Kaw,https://activesg.gov.sg/facility-bookings/activities/YLONatwvqJfikKOmB5N9U/venues/wpSdUk0uledoInNjK3Kaw/timeslots,Badminton | Pickleball | Table Tennis,YLONatwvqJfikKOmB5N9U | BPQihVHITc7IPGorVeB2Y | lpa7rfS4ShmUUt7XsFJlD
Bukit Gombak Sport Centre Level 2,hkYe7wP5WYRqj1pr7SxzO,https://activesg.gov.sg/facility-bookings/activities/lpa7rfS4ShmUUt7XsFJlD/venues/hkYe7wP5WYRqj1pr7SxzO/timeslots,Table Tennis,lpa7rfS4ShmUUt7XsFJlD
Bukit Gombak Sport Hall,WYfbYK8b8mvlTx7iiCIJp,https://activesg.gov.sg/facility-bookings/activities/YLONatwvqJfikKOmB5N9U/venues/WYfbYK8b8mvlTx7iiCIJp/timeslots,Badminton,YLONatwvqJfikKOmB5N9U
Bukit Panjang Government High School Field,kEld3FJKX06qWaKxdlBvu,https://activesg.gov.sg/facility-bookings/activities/qSP0nrWIP8357EAeeLo4Z/venues/kEld3FJKX06qWaKxdlBvu/timeslots,Soccer,qSP0nrWIP8357EAeeLo4Z
Bukit Panjang Government High School Hall,ZReBsLW8QTkzuFD1vyFkX,https://activesg.gov.sg/facility-bookings/activities/YLONatwvqJfikKOmB5N9U/venues/ZReBsLW8QTkzuFD1vyFkX/timeslots,Badminton,YLONatwvqJfikKOmB5N9U
Bukit Panjang Primary School Field,BErfwBq3CiDJWbabXWtcy,https://activesg.gov.sg/facility-bookings/activities/naPJABNOkipmCtzJsHzHo/venues/BErfwBq3CiDJWbabXWtcy/timeslots,Free To Play,naPJABNOkipmCtzJsHzHo
Bukit Panjang Primary School Hall,AkB5NpkMVL7HCmB6DLppX,https://activesg.gov.sg/facility-bookings/activities/YLONatwvqJfikKOmB5N9U/venues/AkB5NpkMVL7HCmB6DLppX/timeslots,Badminton,YLONatwvqJfikKOmB5N9U
Bukit Timah Primary School Hall,jTPGVh1bbKq70nuvjqvR4,https://activesg.gov.sg/facility-bookings/activities/YLONatwvqJfikKOmB5N9U/venues/jTPGVh1bbKq70nuvjqvR4/timeslots,Badminton,YLONatwvqJfikKOmB5N9U
Bukit View Secondary School Field,U4YXBcDmMuo64RtGT2yPb,https://activesg.gov.sg/facility-bookings/activities/qSP0nrWIP8357EAeeLo4Z/venues/U4YXBcDmMuo64RtGT2yPb/timeslots,Soccer,qSP0nrWIP8357EAeeLo4Z
Bukit View Secondary School Hall,rzOCKx6ezbKcGKQWjSHlN,https://activesg.gov.sg/facility-bookings/activities/YLONatwvqJfikKOmB5N9U/venues/rzOCKx6ezbKcGKQWjSHlN/timeslots,Badminton,YLONatwvqJfikKOmB5N9U
Burghley Squash Centre,cK5gp9m2M5gVJK1qPPWNA,https://activesg.gov.sg/facility-bookings/activities/LpU5wm359gvhKzEvHFt6F/venues/cK5gp9m2M5gVJK1qPPWNA/timeslots,Squash,LpU5wm359gvhKzEvHFt6F
Burghley Tennis Centre,eL74cEq9ibqBbz8EB3IAV,https://activesg.gov.sg/facility-bookings/activities/B0KovYOcQun1mA4VowDq0/venues/eL74cEq9ibqBbz8EB3IAV/timeslots,Tennis,B0KovYOcQun1mA4VowDq0
Canberra Primary School Field,cVjfSFtglU1rYr87r9hM9,https://activesg.gov.sg/facility-bookings/activities/naPJABNOkipmCtzJsHzHo/venues/cVjfSFtglU1rYr87r9hM9/timeslots,Free To Play,naPJABNOkipmCtzJsHzHo
Canberra Primary School Hall,EhVMAAEMSQPdrpKw4yIaD,https://activesg.gov.sg/facility-bookings/activities/YLONatwvqJfikKOmB5N9U/venues/EhVMAAEMSQPdrpKw4yIaD/timeslots,Badminton,YLONatwvqJfikKOmB5N9U
Canberra Secondary School Field,PNvPaBuz08aByQy3YPL1v,https://activesg.gov.sg/facility-bookings/activities/qSP0nrWIP8357EAeeLo4Z/venues/PNvPaBuz08aByQy3YPL1v/timeslots,Soccer,qSP0nrWIP8357EAeeLo4Z
Canberra Secondary School Hall,2IUHiBUcoNimux7lmUt9h,https://activesg.gov.sg/facility-bookings/activities/YLONatwvqJfikKOmB5N9U/venues/2IUHiBUcoNimux7lmUt9h/timeslots,Badminton,YLONatwvqJfikKOmB5N9U
Cantonment Primary School Field,IochrOfekXXOPww4zv8bO,https://activesg.gov.sg/facility-bookings/activities/naPJABNOkipmCtzJsHzHo/venues/IochrOfekXXOPww4zv8bO/timeslots,Free To Play,naPJABNOkipmCtzJsHzHo
Cantonment Primary School Hall,hy4Hsg4gHPM3y42YHZyL6,https://activesg.gov.sg/facility-bookings/activities/YLONatwvqJfikKOmB5N9U/venues/hy4Hsg4gHPM3y42YHZyL6/timeslots,Badminton,YLONatwvqJfikKOmB5N9U
Casuarina Primary School Field,zj8TQs4DoF5UuO8iNZanV,https://activesg.gov.sg/facility-bookings/activities/naPJABNOkipmCtzJsHzHo/venues/zj8TQs4DoF5UuO8iNZanV/timeslots,Free To Play,naPJABNOkipmCtzJsHzHo
Casuarina Primary School Hall,Us0MaNzoJ6XwGGq2PY98h,https://activesg.gov.sg/facility-bookings/activities/YLONatwvqJfikKOmB5N9U/venues/Us0MaNzoJ6XwGGq2PY98h/timeslots,Badminton,YLONatwvqJfikKOmB5N9U
Cedar Primary School Field,lvoffopVRgPZ6nRIVFVoN,https://activesg.gov.sg/facility-bookings/activities/R7KeMBPmvcQksdPMmjxaG/venues/lvoffopVRgPZ6nRIVFVoN/timeslots,Free To Play Flying Disc,R7KeMBPmvcQksdPMmjxaG
Cedar Primary School Hall,AxDehUxuPrlYSmWBAR3lc,https://activesg.gov.sg/facility-bookings/activities/YLONatwvqJfikKOmB5N9U/venues/AxDehUxuPrlYSmWBAR3lc/timeslots,Badminton,YLONatwvqJfikKOmB5N9U
Changkat Changi Secondary School Field,I2ZsuDY0ONgVTRdrVi9Nt,https://activesg.gov.sg/facility-bookings/activities/naPJABNOkipmCtzJsHzHo/venues/I2ZsuDY0ONgVTRdrVi9Nt/timeslots,Free To Play,naPJABNOkipmCtzJsHzHo
Changkat Changi Secondary School Hall,IftVzycvPKY3HYuyLhOYe,https://activesg.gov.sg/facility-bookings/activities/YLONatwvqJfikKOmB5N9U/venues/IftVzycvPKY3HYuyLhOYe/timeslots,Badminton,YLONatwvqJfikKOmB5N9U
Changkat Primary School Hall,I5qnyIxLbwQYfZ1D6487A,https://activesg.gov.sg/facility-bookings/activities/BPQihVHITc7IPGorVeB2Y/venues/I5qnyIxLbwQYfZ1D6487A/timeslots,Pickleball,BPQihVHITc7IPGorVeB2Y
CHIJ St. Theresa's Convent (Secondary) Hall,VXqvvqVIBrSFQEjUj7DCN,https://activesg.gov.sg/facility-bookings/activities/BPQihVHITc7IPGorVeB2Y/venues/VXqvvqVIBrSFQEjUj7DCN/timeslots,Pickleball,BPQihVHITc7IPGorVeB2Y
Choa Chu Kang Outdoor Courts,5DGt2dvHRGdHv0Eaz80WU,https://activesg.gov.sg/facility-bookings/activities/BPQihVHITc7IPGorVeB2Y/venues/5DGt2dvHRGdHv0Eaz80WU/timeslots,Pickleball,BPQihVHITc7IPGorVeB2Y
Choa Chu Kang Sport Hall,jP33ehBA3lDjp34Lq7dEd,https://activesg.gov.sg/facility-bookings/activities/YLONatwvqJfikKOmB5N9U/venues/jP33ehBA3lDjp34Lq7dEd/timeslots,Badminton | Table Tennis,YLONatwvqJfikKOmB5N9U | lpa7rfS4ShmUUt7XsFJlD
Choa Chu Kang Tennis Centre,imshpGjtc4D2OPh47srkZ,https://activesg.gov.sg/facility-bookings/activities/B0KovYOcQun1mA4VowDq0/venues/imshpGjtc4D2OPh47srkZ/timeslots,Tennis,B0KovYOcQun1mA4VowDq0
Chongfu School (Primary) Hall,8ojmbUdVNW4zxXqBZiIv6,https://activesg.gov.sg/facility-bookings/activities/BPQihVHITc7IPGorVeB2Y/venues/8ojmbUdVNW4zxXqBZiIv6/timeslots,Pickleball,BPQihVHITc7IPGorVeB2Y
Christ Church Secondary School Hall,liiH4YYsu0f3tlzWgC8I7,https://activesg.gov.sg/facility-bookings/activities/YLONatwvqJfikKOmB5N9U/venues/liiH4YYsu0f3tlzWgC8I7/timeslots,Badminton,YLONatwvqJfikKOmB5N9U
Chua Chu Kang Primary School Field,o2rOKIt8TwNJ99OhVstgc,https://activesg.gov.sg/facility-bookings/activities/naPJABNOkipmCtzJsHzHo/venues/o2rOKIt8TwNJ99OhVstgc/timeslots,Free To Play,naPJABNOkipmCtzJsHzHo
Chua Chu Kang Primary School Hall,fVtNp1NIF0okXJPRu1KeP,https://activesg.gov.sg/facility-bookings/activities/8WxkVBEDsT9TzydhZ81pK/venues/fVtNp1NIF0okXJPRu1KeP/timeslots,Netball,8WxkVBEDsT9TzydhZ81pK
Chua Chu Kang Secondary School Hall,bbyJ7E5oIPvgA5J7jYNjN,https://activesg.gov.sg/facility-bookings/activities/YLONatwvqJfikKOmB5N9U/venues/bbyJ7E5oIPvgA5J7jYNjN/timeslots,Badminton,YLONatwvqJfikKOmB5N9U
Chung Cheng High School (Yishun) Hall,gvm0T3nivySTC4zZq8LS0,https://activesg.gov.sg/facility-bookings/activities/3HIXIVGIe4qgenT2kKc3F/venues/gvm0T3nivySTC4zZq8LS0/timeslots,Volleyball,3HIXIVGIe4qgenT2kKc3F
Clementi Primary School Hall,nqi0R5foGPNhRJnVhbzlS,https://activesg.gov.sg/facility-bookings/activities/YLONatwvqJfikKOmB5N9U/venues/nqi0R5foGPNhRJnVhbzlS/timeslots,Badminton,YLONatwvqJfikKOmB5N9U
Clementi Sport Hall,fU1NDT1wfMMSGcB2GUPst,https://activesg.gov.sg/facility-bookings/activities/YLONatwvqJfikKOmB5N9U/venues/fU1NDT1wfMMSGcB2GUPst/timeslots,Badminton | Pickleball | Table Tennis | Basketball,YLONatwvqJfikKOmB5N9U | BPQihVHITc7IPGorVeB2Y | lpa7rfS4ShmUUt7XsFJlD | CyIu0PE42fqR0SHD7XwMB
Clementi Swimming Complex - ActiveGroove Dance Zone,GgJ2wisyon8eG9Xs3QhRz,https://activesg.gov.sg/facility-bookings/activities/DbJUiIz38SkngQHk2Eg07/venues/GgJ2wisyon8eG9Xs3QhRz/timeslots,Dance,DbJUiIz38SkngQHk2Eg07
Clementi Town Secondary School Field,uVEZksrIFW51SWWJS75hl,https://activesg.gov.sg/facility-bookings/activities/qSP0nrWIP8357EAeeLo4Z/venues/uVEZksrIFW51SWWJS75hl/timeslots,Soccer,qSP0nrWIP8357EAeeLo4Z
Clementi Town Secondary School Hall,b3M3CTm1v4G0rpXK16X6t,https://activesg.gov.sg/facility-bookings/activities/YLONatwvqJfikKOmB5N9U/venues/b3M3CTm1v4G0rpXK16X6t/timeslots,Badminton,YLONatwvqJfikKOmB5N9U
CMPB Football Field,w6g7Qw6aMGKZNILejGHKY,https://activesg.gov.sg/facility-bookings/activities/qSP0nrWIP8357EAeeLo4Z/venues/w6g7Qw6aMGKZNILejGHKY/timeslots,Soccer,qSP0nrWIP8357EAeeLo4Z
Compassvale Primary School Field,T1IfkYKwAiirAOJ2wQS3G,https://activesg.gov.sg/facility-bookings/activities/naPJABNOkipmCtzJsHzHo/venues/T1IfkYKwAiirAOJ2wQS3G/timeslots,Free To Play,naPJABNOkipmCtzJsHzHo
Compassvale Secondary School Hall,9HyxIbKMUoLzAuoKAbb1D,https://activesg.gov.sg/facility-bookings/activities/bkymg5uAXztk5EVTXCmyk/venues/9HyxIbKMUoLzAuoKAbb1D/timeslots,Floorball,bkymg5uAXztk5EVTXCmyk
Concord Primary School Hall,u0aa06DkimDKERs98iY4J,https://activesg.gov.sg/facility-bookings/activities/YLONatwvqJfikKOmB5N9U/venues/u0aa06DkimDKERs98iY4J/timeslots,Badminton,YLONatwvqJfikKOmB5N9U
Crescent Girls' School (Secondary) Hall,S1a100KWjvY7ofteyu0fV,https://activesg.gov.sg/facility-bookings/activities/YLONatwvqJfikKOmB5N9U/venues/S1a100KWjvY7ofteyu0fV/timeslots,Badminton,YLONatwvqJfikKOmB5N9U
Damai Secondary School Hall,tbSZK9E1hKmgFgbKLmAF7,https://activesg.gov.sg/facility-bookings/activities/BPQihVHITc7IPGorVeB2Y/venues/tbSZK9E1hKmgFgbKLmAF7/timeslots,Pickleball,BPQihVHITc7IPGorVeB2Y
Dazhong Primary School Field,7jL7Lrs4Wtg9zHO82fhjH,https://activesg.gov.sg/facility-bookings/activities/naPJABNOkipmCtzJsHzHo/venues/7jL7Lrs4Wtg9zHO82fhjH/timeslots,Free To Play,naPJABNOkipmCtzJsHzHo
Dazhong Primary School Hall,CQT4YYAq7wPkHGOuziyvg,https://activesg.gov.sg/facility-bookings/activities/YLONatwvqJfikKOmB5N9U/venues/CQT4YYAq7wPkHGOuziyvg/timeslots,Badminton,YLONatwvqJfikKOmB5N9U
Delta Hockey Pitch,rpEP2J1ozTpC4ihsGsoY3,https://activesg.gov.sg/facility-bookings/activities/oiJVOW7FNTuKB07f1JaZU/venues/rpEP2J1ozTpC4ihsGsoY3/timeslots,Hockey | Hockey (Night),oiJVOW7FNTuKB07f1JaZU | W8c1ujw048h9x2zq41dBA
Delta Outdoor Courts,CQErKjExi6tYRFXbvkHkm,https://activesg.gov.sg/facility-bookings/activities/BPQihVHITc7IPGorVeB2Y/venues/CQErKjExi6tYRFXbvkHkm/timeslots,Pickleball | Soccer (5-A-Side),BPQihVHITc7IPGorVeB2Y | NgyHfjIo82MJwxldnLRxi
Delta Sport Hall,a3jznoZlsfyJrl43Tbnog,https://activesg.gov.sg/facility-bookings/activities/YLONatwvqJfikKOmB5N9U/venues/a3jznoZlsfyJrl43Tbnog/timeslots,Badminton,YLONatwvqJfikKOmB5N9U
Deyi Secondary School Field,qkCc1QLFmmq4WNaKHJJAD,https://activesg.gov.sg/facility-bookings/activities/qSP0nrWIP8357EAeeLo4Z/venues/qkCc1QLFmmq4WNaKHJJAD/timeslots,Soccer,qSP0nrWIP8357EAeeLo4Z
Deyi Secondary School Hall,hK0lleSHLFmTTDEfLt627,https://activesg.gov.sg/facility-bookings/activities/YLONatwvqJfikKOmB5N9U/venues/hK0lleSHLFmTTDEfLt627/timeslots,Badminton,YLONatwvqJfikKOmB5N9U
Dunearn Secondary School Hall,YM1sJsXARXNlxz6P03QpJ,https://activesg.gov.sg/facility-bookings/activities/BPQihVHITc7IPGorVeB2Y/venues/YM1sJsXARXNlxz6P03QpJ/timeslots,Pickleball,BPQihVHITc7IPGorVeB2Y
Dunman High School Hall,nTNUP5QWvkDFpWtbfue6R,https://activesg.gov.sg/facility-bookings/activities/YLONatwvqJfikKOmB5N9U/venues/nTNUP5QWvkDFpWtbfue6R/timeslots,Badminton,YLONatwvqJfikKOmB5N9U
Dunman Secondary School Field,JuUEVoNR2FPe9mAnEovD3,https://activesg.gov.sg/facility-bookings/activities/qSP0nrWIP8357EAeeLo4Z/venues/JuUEVoNR2FPe9mAnEovD3/timeslots,Soccer,qSP0nrWIP8357EAeeLo4Z
East Spring Primary School Field,3IW2bcO5kgko6ssR0b63n,https://activesg.gov.sg/facility-bookings/activities/naPJABNOkipmCtzJsHzHo/venues/3IW2bcO5kgko6ssR0b63n/timeslots,Free To Play,naPJABNOkipmCtzJsHzHo
East Spring Primary School Hall,5r8EUJDjosfkaF8qqezOU,https://activesg.gov.sg/facility-bookings/activities/YLONatwvqJfikKOmB5N9U/venues/5r8EUJDjosfkaF8qqezOU/timeslots,Badminton,YLONatwvqJfikKOmB5N9U
East Spring Secondary School Field,We84Ef47of2ylwSg21aEw,https://activesg.gov.sg/facility-bookings/activities/qSP0nrWIP8357EAeeLo4Z/venues/We84Ef47of2ylwSg21aEw/timeslots,Soccer,qSP0nrWIP8357EAeeLo4Z
Edgefield Primary School Hall,N2yRAN8hyCnQcEnZzPOOY,https://activesg.gov.sg/facility-bookings/activities/YLONatwvqJfikKOmB5N9U/venues/N2yRAN8hyCnQcEnZzPOOY/timeslots,Badminton,YLONatwvqJfikKOmB5N9U
Edgefield Secondary School Hall,7z00lbn6Rqy3w4C46HLYf,https://activesg.gov.sg/facility-bookings/activities/YLONatwvqJfikKOmB5N9U/venues/7z00lbn6Rqy3w4C46HLYf/timeslots,Badminton,YLONatwvqJfikKOmB5N9U
Elias Park Primary School Hall,Lz8NJiVKy0IDBs7afQnwj,https://activesg.gov.sg/facility-bookings/activities/YLONatwvqJfikKOmB5N9U/venues/Lz8NJiVKy0IDBs7afQnwj/timeslots,Badminton,YLONatwvqJfikKOmB5N9U
Endeavour Primary School Field,sFhbK3hth5j6XnXmneM7T,https://activesg.gov.sg/facility-bookings/activities/naPJABNOkipmCtzJsHzHo/venues/sFhbK3hth5j6XnXmneM7T/timeslots,Free To Play,naPJABNOkipmCtzJsHzHo
Endeavour Primary School Hall,PoDnMDAYOJPodLWuv8Gxp,https://activesg.gov.sg/facility-bookings/activities/YLONatwvqJfikKOmB5N9U/venues/PoDnMDAYOJPodLWuv8Gxp/timeslots,Badminton,YLONatwvqJfikKOmB5N9U
Eunoia Junior College Field,K2y41QrclLogB1BKf7oaJ,https://activesg.gov.sg/facility-bookings/activities/HGINcXRkQfpoGlkVxPxiv/venues/K2y41QrclLogB1BKf7oaJ/timeslots,Flying Disc,HGINcXRkQfpoGlkVxPxiv
Eunoia Junior College Hall,S37sThPNt4FIIVVnf4rZF,https://activesg.gov.sg/facility-bookings/activities/YLONatwvqJfikKOmB5N9U/venues/S37sThPNt4FIIVVnf4rZF/timeslots,Badminton,YLONatwvqJfikKOmB5N9U
Evergreen Primary School Field,dRvqkQNhUywWnfkxvkLsa,https://activesg.gov.sg/facility-bookings/activities/naPJABNOkipmCtzJsHzHo/venues/dRvqkQNhUywWnfkxvkLsa/timeslots,Free To Play,naPJABNOkipmCtzJsHzHo
Evergreen Primary School Hall,mZ647YYImQ69PjoUNwR9C,https://activesg.gov.sg/facility-bookings/activities/YLONatwvqJfikKOmB5N9U/venues/mZ647YYImQ69PjoUNwR9C/timeslots,Badminton,YLONatwvqJfikKOmB5N9U
Evergreen Secondary School Hall,em90xIJDPHM4mWUZu7BX7,https://activesg.gov.sg/facility-bookings/activities/3HIXIVGIe4qgenT2kKc3F/venues/em90xIJDPHM4mWUZu7BX7/timeslots,Volleyball,3HIXIVGIe4qgenT2kKc3F
Fairfield Methodist School (Primary) Hall,60nSWItZURcz7nNpfGURO,https://activesg.gov.sg/facility-bookings/activities/CyIu0PE42fqR0SHD7XwMB/venues/60nSWItZURcz7nNpfGURO/timeslots,Basketball,CyIu0PE42fqR0SHD7XwMB
Fairfield Methodist School (Secondary) Hall,C6O7ioF0lISM2xfLNJuP4,https://activesg.gov.sg/facility-bookings/activities/3HIXIVGIe4qgenT2kKc3F/venues/C6O7ioF0lISM2xfLNJuP4/timeslots,Volleyball,3HIXIVGIe4qgenT2kKc3F
Farrer Park Primary School Field,Rf5NBLdyWBWD8SrfrlOkf,https://activesg.gov.sg/facility-bookings/activities/naPJABNOkipmCtzJsHzHo/venues/Rf5NBLdyWBWD8SrfrlOkf/timeslots,Free To Play,naPJABNOkipmCtzJsHzHo
Farrer Park Primary School Hall,WHa3066PaItBKX5ZwvueP,https://activesg.gov.sg/facility-bookings/activities/YLONatwvqJfikKOmB5N9U/venues/WHa3066PaItBKX5ZwvueP/timeslots,Badminton,YLONatwvqJfikKOmB5N9U
Fengshan Primary School Field,ddkGk4Q2xqPpxIjRh88VQ,https://activesg.gov.sg/facility-bookings/activities/naPJABNOkipmCtzJsHzHo/venues/ddkGk4Q2xqPpxIjRh88VQ/timeslots,Free To Play,naPJABNOkipmCtzJsHzHo
Fengshan Primary School Hall,O0tvwIrzxdBw1jcWmjp7q,https://activesg.gov.sg/facility-bookings/activities/YLONatwvqJfikKOmB5N9U/venues/O0tvwIrzxdBw1jcWmjp7q/timeslots,Badminton,YLONatwvqJfikKOmB5N9U
Fern Green Primary School Hall,1KTMl9mhDvBeR0xRoHA9a,https://activesg.gov.sg/facility-bookings/activities/YLONatwvqJfikKOmB5N9U/venues/1KTMl9mhDvBeR0xRoHA9a/timeslots,Badminton,YLONatwvqJfikKOmB5N9U
First Toa Payoh Primary School Hall,shhtJZhaNDmhhGmyznREq,https://activesg.gov.sg/facility-bookings/activities/YLONatwvqJfikKOmB5N9U/venues/shhtJZhaNDmhhGmyznREq/timeslots,Badminton,YLONatwvqJfikKOmB5N9U
Frontier Primary School Hall,XD2qpAuXSv8yrvMgKxczH,https://activesg.gov.sg/facility-bookings/activities/YLONatwvqJfikKOmB5N9U/venues/XD2qpAuXSv8yrvMgKxczH/timeslots,Badminton,YLONatwvqJfikKOmB5N9U
Fuhua Primary School Field,BQBRD8Tx8WpvdWPoku6p1,https://activesg.gov.sg/facility-bookings/activities/naPJABNOkipmCtzJsHzHo/venues/BQBRD8Tx8WpvdWPoku6p1/timeslots,Free To Play,naPJABNOkipmCtzJsHzHo
Fuhua Secondary School Field,S75qkXeMlIIe9JYpUlTuk,https://activesg.gov.sg/facility-bookings/activities/qSP0nrWIP8357EAeeLo4Z/venues/S75qkXeMlIIe9JYpUlTuk/timeslots,Soccer,qSP0nrWIP8357EAeeLo4Z
Fuhua Secondary School Hall,K7yb8O3NAWIWjXRBfl911,https://activesg.gov.sg/facility-bookings/activities/YLONatwvqJfikKOmB5N9U/venues/K7yb8O3NAWIWjXRBfl911/timeslots,Badminton,YLONatwvqJfikKOmB5N9U
Gan Eng Seng Primary School Field,n5l1cEkdVXeeXigJ9t1mL,https://activesg.gov.sg/facility-bookings/activities/naPJABNOkipmCtzJsHzHo/venues/n5l1cEkdVXeeXigJ9t1mL/timeslots,Free To Play,naPJABNOkipmCtzJsHzHo
Gan Eng Seng Primary School Hall,XsuSgDDoI8aKGowjzD0aS,https://activesg.gov.sg/facility-bookings/activities/YLONatwvqJfikKOmB5N9U/venues/XsuSgDDoI8aKGowjzD0aS/timeslots,Badminton,YLONatwvqJfikKOmB5N9U
Gan Eng Seng School (Secondary) Hall,OF5B1wzuqUF01h842uuGa,https://activesg.gov.sg/facility-bookings/activities/BPQihVHITc7IPGorVeB2Y/venues/OF5B1wzuqUF01h842uuGa/timeslots,Pickleball,BPQihVHITc7IPGorVeB2Y
Gongshang Primary School Hall,pSb2HypfjPg8TmbY3U1vZ,https://activesg.gov.sg/facility-bookings/activities/YLONatwvqJfikKOmB5N9U/venues/pSb2HypfjPg8TmbY3U1vZ/timeslots,Badminton,YLONatwvqJfikKOmB5N9U
Greendale Primary School Hall,Qt0Viuhpm748aQSdYC2jU,https://activesg.gov.sg/facility-bookings/activities/YLONatwvqJfikKOmB5N9U/venues/Qt0Viuhpm748aQSdYC2jU/timeslots,Badminton,YLONatwvqJfikKOmB5N9U
Greendale Secondary School Hall,SNMlvJOPkgZuWesd19Luv,https://activesg.gov.sg/facility-bookings/activities/3HIXIVGIe4qgenT2kKc3F/venues/SNMlvJOPkgZuWesd19Luv/timeslots,Volleyball,3HIXIVGIe4qgenT2kKc3F
Greenridge Primary School Hall,G65ReWFb3U4Y9yn4OieQZ,https://activesg.gov.sg/facility-bookings/activities/BPQihVHITc7IPGorVeB2Y/venues/G65ReWFb3U4Y9yn4OieQZ/timeslots,Pickleball,BPQihVHITc7IPGorVeB2Y
Greenridge Secondary School Hall,9SZuSjvI6tyRvV76JPvq6,https://activesg.gov.sg/facility-bookings/activities/YLONatwvqJfikKOmB5N9U/venues/9SZuSjvI6tyRvV76JPvq6/timeslots,Badminton,YLONatwvqJfikKOmB5N9U
Greenwood Primary School Field,0Ao8Jp6MpEs8khQK8nF6J,https://activesg.gov.sg/facility-bookings/activities/naPJABNOkipmCtzJsHzHo/venues/0Ao8Jp6MpEs8khQK8nF6J/timeslots,Free To Play,naPJABNOkipmCtzJsHzHo
Greenwood Primary School Hall,cPasd6r3T4OmhU8tYyocx,https://activesg.gov.sg/facility-bookings/activities/YLONatwvqJfikKOmB5N9U/venues/cPasd6r3T4OmhU8tYyocx/timeslots,Badminton,YLONatwvqJfikKOmB5N9U
Haig Girls' School (Primary) Field,ftP7O25muwFMlqzJaaBss,https://activesg.gov.sg/facility-bookings/activities/naPJABNOkipmCtzJsHzHo/venues/ftP7O25muwFMlqzJaaBss/timeslots,Free To Play,naPJABNOkipmCtzJsHzHo
Haig Girls' School (Primary) Hall,5CdPR4UuPhWwKdJSXHscq,https://activesg.gov.sg/facility-bookings/activities/8WxkVBEDsT9TzydhZ81pK/venues/5CdPR4UuPhWwKdJSXHscq/timeslots,Netball,8WxkVBEDsT9TzydhZ81pK
Heartbeat @ Bedok ActiveSG Sport Centre - Table Tennis Area,OqZA3Nz20OqcnTsii3tbB,https://activesg.gov.sg/facility-bookings/activities/lpa7rfS4ShmUUt7XsFJlD/venues/OqZA3Nz20OqcnTsii3tbB/timeslots,Table Tennis,lpa7rfS4ShmUUt7XsFJlD
Heartbeat @ Bedok ActiveSG Sport Hall,2vQVXKogKPojlagjzNxeX,https://activesg.gov.sg/facility-bookings/activities/YLONatwvqJfikKOmB5N9U/venues/2vQVXKogKPojlagjzNxeX/timeslots,Badminton,YLONatwvqJfikKOmB5N9U
Heartbeat @ Bedok ActiveSG Tennis Centre,qFjN7QRByrxM5Ikhv9UQm,https://activesg.gov.sg/facility-bookings/activities/B0KovYOcQun1mA4VowDq0/venues/qFjN7QRByrxM5Ikhv9UQm/timeslots,Tennis,B0KovYOcQun1mA4VowDq0
Henry Park Primary School Hall,C8ukgfnOznV5fC203rB2A,https://activesg.gov.sg/facility-bookings/activities/YLONatwvqJfikKOmB5N9U/venues/C8ukgfnOznV5fC203rB2A/timeslots,Badminton,YLONatwvqJfikKOmB5N9U
Hillgrove Secondary School Hall,862E1rcanYoNlxUaF7di2,https://activesg.gov.sg/facility-bookings/activities/BPQihVHITc7IPGorVeB2Y/venues/862E1rcanYoNlxUaF7di2/timeslots,Pickleball,BPQihVHITc7IPGorVeB2Y
Horizon Primary School Field,oEefSaencqbsIsLa88Zda,https://activesg.gov.sg/facility-bookings/activities/naPJABNOkipmCtzJsHzHo/venues/oEefSaencqbsIsLa88Zda/timeslots,Free To Play,naPJABNOkipmCtzJsHzHo
Horizon Primary School Hall,43G9uDysqDko9zhnniGRT,https://activesg.gov.sg/facility-bookings/activities/BPQihVHITc7IPGorVeB2Y/venues/43G9uDysqDko9zhnniGRT/timeslots,Pickleball,BPQihVHITc7IPGorVeB2Y
Hougang Primary School Field,n5kXlAU2rWNZcHz1Av7DP,https://activesg.gov.sg/facility-bookings/activities/naPJABNOkipmCtzJsHzHo/venues/n5kXlAU2rWNZcHz1Av7DP/timeslots,Free To Play,naPJABNOkipmCtzJsHzHo
Hougang Primary School Hall,Uf0vp62dRNkrv1VCXZvZu,https://activesg.gov.sg/facility-bookings/activities/3HIXIVGIe4qgenT2kKc3F/venues/Uf0vp62dRNkrv1VCXZvZu/timeslots,Volleyball,3HIXIVGIe4qgenT2kKc3F
Hougang Secondary School Field,IfWAKPmGlHXhQ20UIBHY6,https://activesg.gov.sg/facility-bookings/activities/qSP0nrWIP8357EAeeLo4Z/venues/IfWAKPmGlHXhQ20UIBHY6/timeslots,Soccer,qSP0nrWIP8357EAeeLo4Z
Hougang Secondary School Hall,hzrR3kvk8qcNWKRxkvUkb,https://activesg.gov.sg/facility-bookings/activities/YLONatwvqJfikKOmB5N9U/venues/hzrR3kvk8qcNWKRxkvUkb/timeslots,Badminton,YLONatwvqJfikKOmB5N9U
Hougang Sport Hall,Z6A8EpcHcfy39qe2qse72,https://activesg.gov.sg/facility-bookings/activities/YLONatwvqJfikKOmB5N9U/venues/Z6A8EpcHcfy39qe2qse72/timeslots,Badminton | Pickleball,YLONatwvqJfikKOmB5N9U | BPQihVHITc7IPGorVeB2Y
Hougang Stadium,8tp6R0nocRb6gmMPtgLZA,https://activesg.gov.sg/facility-bookings/activities/CyIu0PE42fqR0SHD7XwMB/venues/8tp6R0nocRb6gmMPtgLZA/timeslots,Basketball | Basketball 3x3,CyIu0PE42fqR0SHD7XwMB | 9cFQTCUF86O2OrQK79Bgz
Hougang Swimming Complex,ENq6LYnuWO6WhORMJO485,https://activesg.gov.sg/facility-bookings/activities/lpa7rfS4ShmUUt7XsFJlD/venues/ENq6LYnuWO6WhORMJO485/timeslots,Table Tennis,lpa7rfS4ShmUUt7XsFJlD
Hua Yi Secondary School Field,gVXuVTtInrQSu6B3JeweR,https://activesg.gov.sg/facility-bookings/activities/qSP0nrWIP8357EAeeLo4Z/venues/gVXuVTtInrQSu6B3JeweR/timeslots,Soccer,qSP0nrWIP8357EAeeLo4Z
Hua Yi Secondary School Hall,7Gkwfqhh4iShnyRIZBs2W,https://activesg.gov.sg/facility-bookings/activities/YLONatwvqJfikKOmB5N9U/venues/7Gkwfqhh4iShnyRIZBs2W/timeslots,Badminton,YLONatwvqJfikKOmB5N9U
Huamin Primary School Field,1QRcoD9ux7ZAZkdYIvuCz,https://activesg.gov.sg/facility-bookings/activities/qSP0nrWIP8357EAeeLo4Z/venues/1QRcoD9ux7ZAZkdYIvuCz/timeslots,Soccer,qSP0nrWIP8357EAeeLo4Z
Innova Primary School Field,cTj9Vj9RKxAG20VyW1y24,https://activesg.gov.sg/facility-bookings/activities/naPJABNOkipmCtzJsHzHo/venues/cTj9Vj9RKxAG20VyW1y24/timeslots,Free To Play,naPJABNOkipmCtzJsHzHo
Innova Primary School Hall,AJ13GOe1e0Tg6RCjS2ZcM,https://activesg.gov.sg/facility-bookings/activities/YLONatwvqJfikKOmB5N9U/venues/AJ13GOe1e0Tg6RCjS2ZcM/timeslots,Badminton,YLONatwvqJfikKOmB5N9U
Jiemin Primary School Hall,BZAkV6o3rmqHMFgGgfPQa,https://activesg.gov.sg/facility-bookings/activities/YLONatwvqJfikKOmB5N9U/venues/BZAkV6o3rmqHMFgGgfPQa/timeslots,Badminton,YLONatwvqJfikKOmB5N9U
Jing Shan Primary School Field,w6TCADwlwQ0SRzgbYEjyV,https://activesg.gov.sg/facility-bookings/activities/naPJABNOkipmCtzJsHzHo/venues/w6TCADwlwQ0SRzgbYEjyV/timeslots,Free To Play,naPJABNOkipmCtzJsHzHo
Jing Shan Primary School Hall,zrRY1f5GItJnx6rWeK0IL,https://activesg.gov.sg/facility-bookings/activities/YLONatwvqJfikKOmB5N9U/venues/zrRY1f5GItJnx6rWeK0IL/timeslots,Badminton,YLONatwvqJfikKOmB5N9U
Junyuan Primary School Hall,WQ5jYOu6iz6oNXh5ZRufT,https://activesg.gov.sg/facility-bookings/activities/BPQihVHITc7IPGorVeB2Y/venues/WQ5jYOu6iz6oNXh5ZRufT/timeslots,Pickleball,BPQihVHITc7IPGorVeB2Y
Junyuan Secondary School Hall,oN4FezUSD6tOmATK2CLaY,https://activesg.gov.sg/facility-bookings/activities/YLONatwvqJfikKOmB5N9U/venues/oN4FezUSD6tOmATK2CLaY/timeslots,Badminton,YLONatwvqJfikKOmB5N9U
Jurong East Outdoor Netball Courts,CdQXEZg4ijUZOpAm2YhSN,https://activesg.gov.sg/facility-bookings/activities/8WxkVBEDsT9TzydhZ81pK/venues/CdQXEZg4ijUZOpAm2YhSN/timeslots,Netball,8WxkVBEDsT9TzydhZ81pK
Jurong East Petanque Courts,U4fVwuMvs9HhDSepaZXIu,https://activesg.gov.sg/facility-bookings/activities/R7GM11REWQsw3ToswAkSG/venues/U4fVwuMvs9HhDSepaZXIu/timeslots,Petanque,R7GM11REWQsw3ToswAkSG
Jurong East Sport Centre - Table Tennis Area,mT18pHAasvGbG4OZQoAZg,https://activesg.gov.sg/facility-bookings/activities/lpa7rfS4ShmUUt7XsFJlD/venues/mT18pHAasvGbG4OZQoAZg/timeslots,Table Tennis,lpa7rfS4ShmUUt7XsFJlD
Jurong East Sport Centre Futsal Pitch,cx5EqiiqrfBkPfz81P1CG,https://activesg.gov.sg/facility-bookings/activities/CF6ecxA4HkJgUabDMGsWo/venues/cx5EqiiqrfBkPfz81P1CG/timeslots,Futsal,CF6ecxA4HkJgUabDMGsWo
Jurong East Sport Hall,vrkrAMmmGiSIaj7FEMcjx,https://activesg.gov.sg/facility-bookings/activities/YLONatwvqJfikKOmB5N9U/venues/vrkrAMmmGiSIaj7FEMcjx/timeslots,Badminton | Pickleball | Table Tennis,YLONatwvqJfikKOmB5N9U | BPQihVHITc7IPGorVeB2Y | lpa7rfS4ShmUUt7XsFJlD
Jurong Secondary School Hall,IzBcR11fYSeByAUYgp5v6,https://activesg.gov.sg/facility-bookings/activities/YLONatwvqJfikKOmB5N9U/venues/IzBcR11fYSeByAUYgp5v6/timeslots,Badminton,YLONatwvqJfikKOmB5N9U
Jurong West Secondary School Field,W1JiAZVMugMPOgm9oCaEj,https://activesg.gov.sg/facility-bookings/activities/qSP0nrWIP8357EAeeLo4Z/venues/W1JiAZVMugMPOgm9oCaEj/timeslots,Soccer,qSP0nrWIP8357EAeeLo4Z
Jurong West Sport Centre - ActiveGroove Dance Zone,nXDt0vBWOyEsBfJYPPl2v,https://activesg.gov.sg/facility-bookings/activities/DbJUiIz38SkngQHk2Eg07/venues/nXDt0vBWOyEsBfJYPPl2v/timeslots,Dance,DbJUiIz38SkngQHk2Eg07
Jurong West Sport Centre - Table Tennis Area,qXiMKMDWVRE910IjDSnK7,https://activesg.gov.sg/facility-bookings/activities/lpa7rfS4ShmUUt7XsFJlD/venues/qXiMKMDWVRE910IjDSnK7/timeslots,Table Tennis,lpa7rfS4ShmUUt7XsFJlD
Jurong West Sport Hall,iQYIzofibpiGOEHMDZTXr,https://activesg.gov.sg/facility-bookings/activities/YLONatwvqJfikKOmB5N9U/venues/iQYIzofibpiGOEHMDZTXr/timeslots,Badminton,YLONatwvqJfikKOmB5N9U
Jurong West Tennis Centre,QOnm0BqPTD3GiO9tgHBlP,https://activesg.gov.sg/facility-bookings/activities/B0KovYOcQun1mA4VowDq0/venues/QOnm0BqPTD3GiO9tgHBlP/timeslots,Tennis,B0KovYOcQun1mA4VowDq0
Jurongville Secondary School Hall,nmnGRpU0164zksMKaYrlH,https://activesg.gov.sg/facility-bookings/activities/YLONatwvqJfikKOmB5N9U/venues/nmnGRpU0164zksMKaYrlH/timeslots,Badminton,YLONatwvqJfikKOmB5N9U
Kallang Lawn Bowl,NuS0cPk79PRx5BYUN9c6V,https://activesg.gov.sg/facility-bookings/activities/YW9EK6bgIqh0lsKXWXUc3/venues/NuS0cPk79PRx5BYUN9c6V/timeslots,Lawn Bowl,YW9EK6bgIqh0lsKXWXUc3
Kallang Netball Centre,xjUtORHsrKpwDhSZsF3H0,https://activesg.gov.sg/facility-bookings/activities/8WxkVBEDsT9TzydhZ81pK/venues/xjUtORHsrKpwDhSZsF3H0/timeslots,Netball,8WxkVBEDsT9TzydhZ81pK
Kallang Squash Centre,38jZ5x0brJFyTZiI8YHZy,https://activesg.gov.sg/facility-bookings/activities/LpU5wm359gvhKzEvHFt6F/venues/38jZ5x0brJFyTZiI8YHZy/timeslots,Squash,LpU5wm359gvhKzEvHFt6F
Kallang Tennis Centre,pJtsNwSdC2fgSg5oWPdf1,https://activesg.gov.sg/facility-bookings/activities/B0KovYOcQun1mA4VowDq0/venues/pJtsNwSdC2fgSg5oWPdf1/timeslots,Tennis | Tennis Wall,B0KovYOcQun1mA4VowDq0 | vd0UBIMHcr8NnuIwN9lbz
Katong Petanque Courts,AK7jLT3qmQVG3XNaTFA5S,https://activesg.gov.sg/facility-bookings/activities/R7GM11REWQsw3ToswAkSG/venues/AK7jLT3qmQVG3XNaTFA5S/timeslots,Petanque,R7GM11REWQsw3ToswAkSG
Keming Primary School Field,EDEClYhx8fLrddQg4nbvd,https://activesg.gov.sg/facility-bookings/activities/naPJABNOkipmCtzJsHzHo/venues/EDEClYhx8fLrddQg4nbvd/timeslots,Free To Play,naPJABNOkipmCtzJsHzHo
Keming Primary School Hall,kiyKUyVTnvoQTNWVFT4LH,https://activesg.gov.sg/facility-bookings/activities/YLONatwvqJfikKOmB5N9U/venues/kiyKUyVTnvoQTNWVFT4LH/timeslots,Badminton,YLONatwvqJfikKOmB5N9U
Kent Ridge Secondary School Field,zosqOEknbt1sGeIiIXp3U,https://activesg.gov.sg/facility-bookings/activities/qSP0nrWIP8357EAeeLo4Z/venues/zosqOEknbt1sGeIiIXp3U/timeslots,Soccer,qSP0nrWIP8357EAeeLo4Z
Kranji Primary School Hall,EIcBf6w3W4ZtjyzX4s19E,https://activesg.gov.sg/facility-bookings/activities/8WxkVBEDsT9TzydhZ81pK/venues/EIcBf6w3W4ZtjyzX4s19E/timeslots,Netball,8WxkVBEDsT9TzydhZ81pK
Kranji Secondary School Field,Dk0y452OawlxQcdPaoWbq,https://activesg.gov.sg/facility-bookings/activities/qSP0nrWIP8357EAeeLo4Z/venues/Dk0y452OawlxQcdPaoWbq/timeslots,Soccer,qSP0nrWIP8357EAeeLo4Z
Kranji Secondary School Hall,d2S7vmFYh2IDPrrTjYEhc,https://activesg.gov.sg/facility-bookings/activities/CyIu0PE42fqR0SHD7XwMB/venues/d2S7vmFYh2IDPrrTjYEhc/timeslots,Basketball,CyIu0PE42fqR0SHD7XwMB
Kuo Chuan Presbyterian Primary School Hall,kOnZuc48plvOq7IthMY2U,https://activesg.gov.sg/facility-bookings/activities/YLONatwvqJfikKOmB5N9U/venues/kOnZuc48plvOq7IthMY2U/timeslots,Badminton,YLONatwvqJfikKOmB5N9U
Kuo Chuan Presbyterian Secondary School Hall,wtPOP2jWFNljrMGjQzDui,https://activesg.gov.sg/facility-bookings/activities/3HIXIVGIe4qgenT2kKc3F/venues/wtPOP2jWFNljrMGjQzDui/timeslots,Volleyball,3HIXIVGIe4qgenT2kKc3F
Lakeside Primary School Field,W9zo7gH6leLCJZRtVRijZ,https://activesg.gov.sg/facility-bookings/activities/naPJABNOkipmCtzJsHzHo/venues/W9zo7gH6leLCJZRtVRijZ/timeslots,Free To Play,naPJABNOkipmCtzJsHzHo
Lakeside Primary School Hall,AYfq2dsBbG3q71PK4nOEf,https://activesg.gov.sg/facility-bookings/activities/YLONatwvqJfikKOmB5N9U/venues/AYfq2dsBbG3q71PK4nOEf/timeslots,Badminton,YLONatwvqJfikKOmB5N9U
Lianhua Primary School Hall,mkiyzkeIi9xLpa7bVT5lV,https://activesg.gov.sg/facility-bookings/activities/YLONatwvqJfikKOmB5N9U/venues/mkiyzkeIi9xLpa7bVT5lV/timeslots,Badminton,YLONatwvqJfikKOmB5N9U
Loyang View Secondary School Hall,wkP0xH10TgRzCtxYN6f0S,https://activesg.gov.sg/facility-bookings/activities/YLONatwvqJfikKOmB5N9U/venues/wkP0xH10TgRzCtxYN6f0S/timeslots,Badminton | Pickleball,YLONatwvqJfikKOmB5N9U | BPQihVHITc7IPGorVeB2Y
Manjusri Secondary School Field,LGdPxF3e53fSmzfliHEWY,https://activesg.gov.sg/facility-bookings/activities/qSP0nrWIP8357EAeeLo4Z/venues/LGdPxF3e53fSmzfliHEWY/timeslots,Soccer,qSP0nrWIP8357EAeeLo4Z
Marsiling Primary School Hall,Vpp2LXTBGVEWe6rgRDeve,https://activesg.gov.sg/facility-bookings/activities/YLONatwvqJfikKOmB5N9U/venues/Vpp2LXTBGVEWe6rgRDeve/timeslots,Badminton,YLONatwvqJfikKOmB5N9U
Marsiling Secondary School Hall,Jrqeq5n0xbmdniQTcUplu,https://activesg.gov.sg/facility-bookings/activities/YLONatwvqJfikKOmB5N9U/venues/Jrqeq5n0xbmdniQTcUplu/timeslots,Badminton,YLONatwvqJfikKOmB5N9U
Mayflower Secondary School Field,LAcL6IsoAJrfHkNggSdXN,https://activesg.gov.sg/facility-bookings/activities/qSP0nrWIP8357EAeeLo4Z/venues/LAcL6IsoAJrfHkNggSdXN/timeslots,Soccer,qSP0nrWIP8357EAeeLo4Z
Mayflower Secondary School Hall,wSigiNiu1ozPZPM74lovp,https://activesg.gov.sg/facility-bookings/activities/YLONatwvqJfikKOmB5N9U/venues/wSigiNiu1ozPZPM74lovp/timeslots,Badminton,YLONatwvqJfikKOmB5N9U
Meridian Primary School Field,8hYsIBXTfg50yWOd4y5hK,https://activesg.gov.sg/facility-bookings/activities/naPJABNOkipmCtzJsHzHo/venues/8hYsIBXTfg50yWOd4y5hK/timeslots,Free To Play,naPJABNOkipmCtzJsHzHo
Meridian Primary School Hall,NZcfdXsDnvyDZyodX2QaN,https://activesg.gov.sg/facility-bookings/activities/YLONatwvqJfikKOmB5N9U/venues/NZcfdXsDnvyDZyodX2QaN/timeslots,Badminton,YLONatwvqJfikKOmB5N9U
Meridian Secondary School Field,8BwW6dYTPdUyQ7PTUHk52,https://activesg.gov.sg/facility-bookings/activities/qSP0nrWIP8357EAeeLo4Z/venues/8BwW6dYTPdUyQ7PTUHk52/timeslots,Soccer,qSP0nrWIP8357EAeeLo4Z
Meridian Secondary School Hall,UAeAo7CCXS8viX5UnapTG,https://activesg.gov.sg/facility-bookings/activities/YLONatwvqJfikKOmB5N9U/venues/UAeAo7CCXS8viX5UnapTG/timeslots,Badminton,YLONatwvqJfikKOmB5N9U
Methodist Girls' School Hall (Primary),wc2KvqBCDNEx83wjxOowj,https://activesg.gov.sg/facility-bookings/activities/CyIu0PE42fqR0SHD7XwMB/venues/wc2KvqBCDNEx83wjxOowj/timeslots,Basketball,CyIu0PE42fqR0SHD7XwMB
MOE (Evans) Hockey Pitch,fP1a5WRfS2Gv3s7WAOFoT,https://activesg.gov.sg/facility-bookings/activities/oiJVOW7FNTuKB07f1JaZU/venues/fP1a5WRfS2Gv3s7WAOFoT/timeslots,Hockey | Hockey (Night),oiJVOW7FNTuKB07f1JaZU | W8c1ujw048h9x2zq41dBA
MOE (Evans) Outdoor Facilities,o9u4EdODPESt4PuHti9ba,https://activesg.gov.sg/facility-bookings/activities/3HIXIVGIe4qgenT2kKc3F/venues/o9u4EdODPESt4PuHti9ba/timeslots,Volleyball | Basketball | Futsal,3HIXIVGIe4qgenT2kKc3F | CyIu0PE42fqR0SHD7XwMB | CF6ecxA4HkJgUabDMGsWo
MOE (Evans) Sport Hall,kEBJKrx1USi4BvQxwMMHs,https://activesg.gov.sg/facility-bookings/activities/YLONatwvqJfikKOmB5N9U/venues/kEBJKrx1USi4BvQxwMMHs/timeslots,Badminton | Table Tennis,YLONatwvqJfikKOmB5N9U | lpa7rfS4ShmUUt7XsFJlD
MOE (Evans) Squash Centre,pFV24YjB1uCp9HrFOyVzv,https://activesg.gov.sg/facility-bookings/activities/LpU5wm359gvhKzEvHFt6F/venues/pFV24YjB1uCp9HrFOyVzv/timeslots,Squash,LpU5wm359gvhKzEvHFt6F
MOE (Evans) Tennis Centre,cmY6vBBIosLKmRW6pdFB1,https://activesg.gov.sg/facility-bookings/activities/B0KovYOcQun1mA4VowDq0/venues/cmY6vBBIosLKmRW6pdFB1/timeslots,Tennis | Tennis Wall,B0KovYOcQun1mA4VowDq0 | vd0UBIMHcr8NnuIwN9lbz
Nan Chiau High School Field,rfS4pVSko0YkAyoRCKMVE,https://activesg.gov.sg/facility-bookings/activities/naPJABNOkipmCtzJsHzHo/venues/rfS4pVSko0YkAyoRCKMVE/timeslots,Free To Play,naPJABNOkipmCtzJsHzHo
Nan Hua High School Field,YKFfWcfKr3wqnxLvhrdmH,https://activesg.gov.sg/facility-bookings/activities/qSP0nrWIP8357EAeeLo4Z/venues/YKFfWcfKr3wqnxLvhrdmH/timeslots,Soccer,qSP0nrWIP8357EAeeLo4Z
Nan Hua High School Hall,9xSuZWbtHZ7l39uMmIxz8,https://activesg.gov.sg/facility-bookings/activities/CyIu0PE42fqR0SHD7XwMB/venues/9xSuZWbtHZ7l39uMmIxz8/timeslots,Basketball,CyIu0PE42fqR0SHD7XwMB
Nanyang Primary School Hall,ocgrkI20rlbnrzm0Hnu0c,https://activesg.gov.sg/facility-bookings/activities/BPQihVHITc7IPGorVeB2Y/venues/ocgrkI20rlbnrzm0Hnu0c/timeslots,Pickleball,BPQihVHITc7IPGorVeB2Y
Naval Base Secondary School Field,40G4igg3hYkpaBVqVxkXC,https://activesg.gov.sg/facility-bookings/activities/qSP0nrWIP8357EAeeLo4Z/venues/40G4igg3hYkpaBVqVxkXC/timeslots,Soccer,qSP0nrWIP8357EAeeLo4Z
Naval Base Secondary School Hall,Ub9LlzrSwKKNuhDglA0mU,https://activesg.gov.sg/facility-bookings/activities/YLONatwvqJfikKOmB5N9U/venues/Ub9LlzrSwKKNuhDglA0mU/timeslots,Badminton,YLONatwvqJfikKOmB5N9U
New Town Primary School Hall,eQgzxFi3ixa2oyfW6FTGQ,https://activesg.gov.sg/facility-bookings/activities/BPQihVHITc7IPGorVeB2Y/venues/eQgzxFi3ixa2oyfW6FTGQ/timeslots,Pickleball,BPQihVHITc7IPGorVeB2Y
New Town Secondary School Hall,GvuqOzOuzHQclAIeVHGCj,https://activesg.gov.sg/facility-bookings/activities/YLONatwvqJfikKOmB5N9U/venues/GvuqOzOuzHQclAIeVHGCj/timeslots,Badminton,YLONatwvqJfikKOmB5N9U
North View Primary School Field,AuPOfIGVgBqK6Qz4RHvWj,https://activesg.gov.sg/facility-bookings/activities/naPJABNOkipmCtzJsHzHo/venues/AuPOfIGVgBqK6Qz4RHvWj/timeslots,Free To Play,naPJABNOkipmCtzJsHzHo
North View Primary School Hall,MxokJ4BUcmoTlHPmUyFIx,https://activesg.gov.sg/facility-bookings/activities/YLONatwvqJfikKOmB5N9U/venues/MxokJ4BUcmoTlHPmUyFIx/timeslots,Badminton,YLONatwvqJfikKOmB5N9U
North Vista Primary School Hall,1sPQYX9V5NpYIfQSIvv6r,https://activesg.gov.sg/facility-bookings/activities/YLONatwvqJfikKOmB5N9U/venues/1sPQYX9V5NpYIfQSIvv6r/timeslots,Badminton,YLONatwvqJfikKOmB5N9U
North Vista Secondary School Field,2ER0xYmiDqLDiJn32YmCN,https://activesg.gov.sg/facility-bookings/activities/qSP0nrWIP8357EAeeLo4Z/venues/2ER0xYmiDqLDiJn32YmCN/timeslots,Soccer,qSP0nrWIP8357EAeeLo4Z
North Vista Secondary School Hall,5ozMPpwgFvTb6jWaHhUwU,https://activesg.gov.sg/facility-bookings/activities/YLONatwvqJfikKOmB5N9U/venues/5ozMPpwgFvTb6jWaHhUwU/timeslots,Badminton,YLONatwvqJfikKOmB5N9U
Northbrooks Secondary School Field,5WDLyiyD1BnDyFbUGbifz,https://activesg.gov.sg/facility-bookings/activities/qSP0nrWIP8357EAeeLo4Z/venues/5WDLyiyD1BnDyFbUGbifz/timeslots,Soccer,qSP0nrWIP8357EAeeLo4Z
Northbrooks Secondary School Hall,oOhC12nBTdSXeJqGMm0Wl,https://activesg.gov.sg/facility-bookings/activities/CyIu0PE42fqR0SHD7XwMB/venues/oOhC12nBTdSXeJqGMm0Wl/timeslots,Basketball,CyIu0PE42fqR0SHD7XwMB
Northland Primary School Field,0pPaHBY1Mkvo85bgj7SM3,https://activesg.gov.sg/facility-bookings/activities/naPJABNOkipmCtzJsHzHo/venues/0pPaHBY1Mkvo85bgj7SM3/timeslots,Free To Play,naPJABNOkipmCtzJsHzHo
Northland Primary School Hall,bJkfBR1JpkU2Tz42uBJ7d,https://activesg.gov.sg/facility-bookings/activities/YLONatwvqJfikKOmB5N9U/venues/bJkfBR1JpkU2Tz42uBJ7d/timeslots,Badminton,YLONatwvqJfikKOmB5N9U
Northland Secondary School Hall,jv4V4CoTt4zuzCwYh3rRX,https://activesg.gov.sg/facility-bookings/activities/YLONatwvqJfikKOmB5N9U/venues/jv4V4CoTt4zuzCwYh3rRX/timeslots,Badminton,YLONatwvqJfikKOmB5N9U
Northoaks Primary School Field,14APy813rC3JIrSdLwMi8,https://activesg.gov.sg/facility-bookings/activities/naPJABNOkipmCtzJsHzHo/venues/14APy813rC3JIrSdLwMi8/timeslots,Free To Play,naPJABNOkipmCtzJsHzHo
Northoaks Primary School Hall,TJB5eRejKVw8Iz1xMKjXP,https://activesg.gov.sg/facility-bookings/activities/YLONatwvqJfikKOmB5N9U/venues/TJB5eRejKVw8Iz1xMKjXP/timeslots,Badminton,YLONatwvqJfikKOmB5N9U
Northshore Primary School Field,chvcHKjXZ0FlJHKPnvKDZ,https://activesg.gov.sg/facility-bookings/activities/naPJABNOkipmCtzJsHzHo/venues/chvcHKjXZ0FlJHKPnvKDZ/timeslots,Free To Play,naPJABNOkipmCtzJsHzHo
Oasis Primary School Hall,osTnHplt9s99S9CGfprMX,https://activesg.gov.sg/facility-bookings/activities/YLONatwvqJfikKOmB5N9U/venues/osTnHplt9s99S9CGfprMX/timeslots,Badminton,YLONatwvqJfikKOmB5N9U
Orchid Park Secondary School Field,JCfoEiJymCyLXEdMVbyoW,https://activesg.gov.sg/facility-bookings/activities/qSP0nrWIP8357EAeeLo4Z/venues/JCfoEiJymCyLXEdMVbyoW/timeslots,Soccer,qSP0nrWIP8357EAeeLo4Z
Our Tampines Hub - Community Auditorium,nqBpgnMrPN8u5LLfvyN2T,https://activesg.gov.sg/facility-bookings/activities/YLONatwvqJfikKOmB5N9U/venues/nqBpgnMrPN8u5LLfvyN2T/timeslots,Badminton | Table Tennis,YLONatwvqJfikKOmB5N9U | lpa7rfS4ShmUUt7XsFJlD
Our Tampines Hub - Team Sports Hall,ygrg7erh0IcuumCoyKNjN,https://activesg.gov.sg/facility-bookings/activities/3HIXIVGIe4qgenT2kKc3F/venues/ygrg7erh0IcuumCoyKNjN/timeslots,Volleyball | Basketball,3HIXIVGIe4qgenT2kKc3F | CyIu0PE42fqR0SHD7XwMB
Park View Primary School Field,5Zcp5JC3UDUcysdg51Nl5,https://activesg.gov.sg/facility-bookings/activities/naPJABNOkipmCtzJsHzHo/venues/5Zcp5JC3UDUcysdg51Nl5/timeslots,Free To Play,naPJABNOkipmCtzJsHzHo
Park View Primary School Hall,QAG9aSOv28TZ8lnurRqtA,https://activesg.gov.sg/facility-bookings/activities/YLONatwvqJfikKOmB5N9U/venues/QAG9aSOv28TZ8lnurRqtA/timeslots,Badminton,YLONatwvqJfikKOmB5N9U
Pasir Ris 5-A-Side Soccer Artificial Field,j6jGyf4ytJ3QEWWDaJpDj,https://activesg.gov.sg/facility-bookings/activities/NgyHfjIo82MJwxldnLRxi/venues/j6jGyf4ytJ3QEWWDaJpDj/timeslots,Soccer (5-A-Side),NgyHfjIo82MJwxldnLRxi
Pasir Ris Crest Secondary School Hall,92y0epudFNS0wHbSdYZSq,https://activesg.gov.sg/facility-bookings/activities/YLONatwvqJfikKOmB5N9U/venues/92y0epudFNS0wHbSdYZSq/timeslots,Badminton,YLONatwvqJfikKOmB5N9U
Pasir Ris Primary School Hall,ZB70oL3yg99A7pXWNKhTY,https://activesg.gov.sg/facility-bookings/activities/BPQihVHITc7IPGorVeB2Y/venues/ZB70oL3yg99A7pXWNKhTY/timeslots,Pickleball,BPQihVHITc7IPGorVeB2Y
Pasir Ris Secondary School Hall,Zgl7HQ7kn1abhxuCN7VFp,https://activesg.gov.sg/facility-bookings/activities/YLONatwvqJfikKOmB5N9U/venues/Zgl7HQ7kn1abhxuCN7VFp/timeslots,Badminton,YLONatwvqJfikKOmB5N9U
Pasir Ris Sport Centre - Table Tennis Area,pM391eCCipwvaX7aL75By,https://activesg.gov.sg/facility-bookings/activities/lpa7rfS4ShmUUt7XsFJlD/venues/pM391eCCipwvaX7aL75By/timeslots,Table Tennis,lpa7rfS4ShmUUt7XsFJlD
Pasir Ris Sport Hall,TbIGpVpUxV6SZrxp9tPkB,https://activesg.gov.sg/facility-bookings/activities/YLONatwvqJfikKOmB5N9U/venues/TbIGpVpUxV6SZrxp9tPkB/timeslots,Badminton,YLONatwvqJfikKOmB5N9U
Pasir Ris Swimming Complex - ActiveGroove Dance Zone,FSIi5ztGKYacoPrs1HVxF,https://activesg.gov.sg/facility-bookings/activities/DbJUiIz38SkngQHk2Eg07/venues/FSIi5ztGKYacoPrs1HVxF/timeslots,Dance,DbJUiIz38SkngQHk2Eg07
Pasir Ris Tennis Centre,iAQ3gROSoA2tMUZKUFbni,https://activesg.gov.sg/facility-bookings/activities/B0KovYOcQun1mA4VowDq0/venues/iAQ3gROSoA2tMUZKUFbni/timeslots,Tennis,B0KovYOcQun1mA4VowDq0
Pei Hwa Secondary School Field,NnJ7eeUELPoWuHtrTJc2s,https://activesg.gov.sg/facility-bookings/activities/qSP0nrWIP8357EAeeLo4Z/venues/NnJ7eeUELPoWuHtrTJc2s/timeslots,Soccer,qSP0nrWIP8357EAeeLo4Z
Pei Tong Primary School Field,2yrbKoMcDD5BSiFkqDmOi,https://activesg.gov.sg/facility-bookings/activities/naPJABNOkipmCtzJsHzHo/venues/2yrbKoMcDD5BSiFkqDmOi/timeslots,Free To Play,naPJABNOkipmCtzJsHzHo
Peicai Secondary School Hall,V0cHEdFG8rbptwBMI8yGd,https://activesg.gov.sg/facility-bookings/activities/YLONatwvqJfikKOmB5N9U/venues/V0cHEdFG8rbptwBMI8yGd/timeslots,Badminton,YLONatwvqJfikKOmB5N9U
Peirce Secondary School Field,IdYDY7MKau9WI9Buyuile,https://activesg.gov.sg/facility-bookings/activities/36qpHdb5jhyxHL6IPeGDV/venues/IdYDY7MKau9WI9Buyuile/timeslots,Rugby,36qpHdb5jhyxHL6IPeGDV
Peirce Secondary School Hall,94bmiFQAdLVfla9P4Slf2,https://activesg.gov.sg/facility-bookings/activities/YLONatwvqJfikKOmB5N9U/venues/94bmiFQAdLVfla9P4Slf2/timeslots,Badminton,YLONatwvqJfikKOmB5N9U
Peiying Primary School Hall,1bPUPjQLm6sCem8ewVJPW,https://activesg.gov.sg/facility-bookings/activities/YLONatwvqJfikKOmB5N9U/venues/1bPUPjQLm6sCem8ewVJPW/timeslots,Badminton,YLONatwvqJfikKOmB5N9U
Poi Ching School (Primary) Hall,Fe4pq9qbZZkwHPYyWqRN8,https://activesg.gov.sg/facility-bookings/activities/YLONatwvqJfikKOmB5N9U/venues/Fe4pq9qbZZkwHPYyWqRN8/timeslots,Badminton,YLONatwvqJfikKOmB5N9U
Princess Elizabeth Primary School Hall,5z1xVPE62nsfUxdkLkZQj,https://activesg.gov.sg/facility-bookings/activities/bkymg5uAXztk5EVTXCmyk/venues/5z1xVPE62nsfUxdkLkZQj/timeslots,Floorball,bkymg5uAXztk5EVTXCmyk
Punggol Cove Primary School Field,kuNxvywPdt23ow2YD4rqM,https://activesg.gov.sg/facility-bookings/activities/naPJABNOkipmCtzJsHzHo/venues/kuNxvywPdt23ow2YD4rqM/timeslots,Free To Play,naPJABNOkipmCtzJsHzHo
Punggol Primary School Field,BAWtnejTTFH1l9N9BO4QK,https://activesg.gov.sg/facility-bookings/activities/naPJABNOkipmCtzJsHzHo/venues/BAWtnejTTFH1l9N9BO4QK/timeslots,Free To Play,naPJABNOkipmCtzJsHzHo
Punggol Secondary School Field,1GJs4LMKaJEwU4f7Ooe7c,https://activesg.gov.sg/facility-bookings/activities/qSP0nrWIP8357EAeeLo4Z/venues/1GJs4LMKaJEwU4f7Ooe7c/timeslots,Soccer,qSP0nrWIP8357EAeeLo4Z
Punggol Secondary School Hall,tckWqoLb1K2UBagZpBqB4,https://activesg.gov.sg/facility-bookings/activities/YLONatwvqJfikKOmB5N9U/venues/tckWqoLb1K2UBagZpBqB4/timeslots,Badminton,YLONatwvqJfikKOmB5N9U
Punggol View Primary School Field,fMsPrAEs8E55XUJmGAMY2,https://activesg.gov.sg/facility-bookings/activities/naPJABNOkipmCtzJsHzHo/venues/fMsPrAEs8E55XUJmGAMY2/timeslots,Free To Play,naPJABNOkipmCtzJsHzHo
Punggol View Primary School Hall,fOf6EXbnJolxlMpVu8rqV,https://activesg.gov.sg/facility-bookings/activities/YLONatwvqJfikKOmB5N9U/venues/fOf6EXbnJolxlMpVu8rqV/timeslots,Badminton,YLONatwvqJfikKOmB5N9U
Qifa Primary School Hall,VZMrUxulVPVG24gl7Xrnx,https://activesg.gov.sg/facility-bookings/activities/YLONatwvqJfikKOmB5N9U/venues/VZMrUxulVPVG24gl7Xrnx/timeslots,Badminton,YLONatwvqJfikKOmB5N9U
Qihua Primary School Hall,PQV0sZtKKATgkm0mE7sj4,https://activesg.gov.sg/facility-bookings/activities/YLONatwvqJfikKOmB5N9U/venues/PQV0sZtKKATgkm0mE7sj4/timeslots,Badminton,YLONatwvqJfikKOmB5N9U
Queenstown Primary School Field,no9ao8llDuGh8QXMupONv,https://activesg.gov.sg/facility-bookings/activities/naPJABNOkipmCtzJsHzHo/venues/no9ao8llDuGh8QXMupONv/timeslots,Free To Play,naPJABNOkipmCtzJsHzHo
Queenstown Primary School Hall,leFoNGWfouhGjXYbR27EH,https://activesg.gov.sg/facility-bookings/activities/YLONatwvqJfikKOmB5N9U/venues/leFoNGWfouhGjXYbR27EH/timeslots,Badminton,YLONatwvqJfikKOmB5N9U
Queensway Secondary School Field,qZ2RH3kVt5RMPVp0EqpOG,https://activesg.gov.sg/facility-bookings/activities/qSP0nrWIP8357EAeeLo4Z/venues/qZ2RH3kVt5RMPVp0EqpOG/timeslots,Soccer,qSP0nrWIP8357EAeeLo4Z
Queensway Secondary School Hall,5OuHTQesKmt5vJ0hZ0gRE,https://activesg.gov.sg/facility-bookings/activities/YLONatwvqJfikKOmB5N9U/venues/5OuHTQesKmt5vJ0hZ0gRE/timeslots,Badminton,YLONatwvqJfikKOmB5N9U
Radin Mas Primary School Field,4vU4tbPqLRcfxRIdVM94p,https://activesg.gov.sg/facility-bookings/activities/naPJABNOkipmCtzJsHzHo/venues/4vU4tbPqLRcfxRIdVM94p/timeslots,Free To Play,naPJABNOkipmCtzJsHzHo
Radin Mas Primary School Hall,ELqczOCMqgGTO68hTrVD0,https://activesg.gov.sg/facility-bookings/activities/YLONatwvqJfikKOmB5N9U/venues/ELqczOCMqgGTO68hTrVD0/timeslots,Badminton,YLONatwvqJfikKOmB5N9U
Raffles Girls' Primary School Hall,qs5nE2v5UcdiakXa0gHQO,https://activesg.gov.sg/facility-bookings/activities/8WxkVBEDsT9TzydhZ81pK/venues/qs5nE2v5UcdiakXa0gHQO/timeslots,Netball,8WxkVBEDsT9TzydhZ81pK
Red Swastika School (Primary) Hall,p9fLGIN8JxS0irlxyBwXZ,https://activesg.gov.sg/facility-bookings/activities/YLONatwvqJfikKOmB5N9U/venues/p9fLGIN8JxS0irlxyBwXZ/timeslots,Badminton,YLONatwvqJfikKOmB5N9U
Regent Secondary School Field,X5jUcCrGKmPrxcrTWyUzt,https://activesg.gov.sg/facility-bookings/activities/qSP0nrWIP8357EAeeLo4Z/venues/X5jUcCrGKmPrxcrTWyUzt/timeslots,Soccer,qSP0nrWIP8357EAeeLo4Z
River Valley Primary School Field,VYsJyBNO1btBpHuJ92ZLp,https://activesg.gov.sg/facility-bookings/activities/naPJABNOkipmCtzJsHzHo/venues/VYsJyBNO1btBpHuJ92ZLp/timeslots,Free To Play,naPJABNOkipmCtzJsHzHo
Riverside Primary School Field,DMRAo5qJudgxkr9PnS1Hq,https://activesg.gov.sg/facility-bookings/activities/naPJABNOkipmCtzJsHzHo/venues/DMRAo5qJudgxkr9PnS1Hq/timeslots,Free To Play,naPJABNOkipmCtzJsHzHo
Riverside Secondary School Hall,90m811nMHjVf4iGGkoPkf,https://activesg.gov.sg/facility-bookings/activities/YLONatwvqJfikKOmB5N9U/venues/90m811nMHjVf4iGGkoPkf/timeslots,Badminton,YLONatwvqJfikKOmB5N9U
Rivervale Primary School Hall,l7Nko7IX9xdfx3DiaCtZ4,https://activesg.gov.sg/facility-bookings/activities/YLONatwvqJfikKOmB5N9U/venues/l7Nko7IX9xdfx3DiaCtZ4/timeslots,Badminton,YLONatwvqJfikKOmB5N9U
Rulang Primary School Hall,mW5MuesdhdtgRlCHznxOw,https://activesg.gov.sg/facility-bookings/activities/BPQihVHITc7IPGorVeB2Y/venues/mW5MuesdhdtgRlCHznxOw/timeslots,Pickleball,BPQihVHITc7IPGorVeB2Y
Sembawang Primary School Hall,JMJsnnXCzfV7wkG2fCU4N,https://activesg.gov.sg/facility-bookings/activities/YLONatwvqJfikKOmB5N9U/venues/JMJsnnXCzfV7wkG2fCU4N/timeslots,Badminton,YLONatwvqJfikKOmB5N9U
Seng Kang Primary School Hall,cWLPCOP0DaRp91TswPcbH,https://activesg.gov.sg/facility-bookings/activities/YLONatwvqJfikKOmB5N9U/venues/cWLPCOP0DaRp91TswPcbH/timeslots,Badminton,YLONatwvqJfikKOmB5N9U
Seng Kang Secondary School Field,iAZi14oDBHiyxLdpGDIHB,https://activesg.gov.sg/facility-bookings/activities/qSP0nrWIP8357EAeeLo4Z/venues/iAZi14oDBHiyxLdpGDIHB/timeslots,Soccer,qSP0nrWIP8357EAeeLo4Z
Seng Kang Secondary School Hall,eYMEyuJQ37svFGs7lRjXD,https://activesg.gov.sg/facility-bookings/activities/YLONatwvqJfikKOmB5N9U/venues/eYMEyuJQ37svFGs7lRjXD/timeslots,Badminton,YLONatwvqJfikKOmB5N9U
Sengkang Green Primary School Hall,RjmwZ5DpXxk9rUEXcP1Eq,https://activesg.gov.sg/facility-bookings/activities/YLONatwvqJfikKOmB5N9U/venues/RjmwZ5DpXxk9rUEXcP1Eq/timeslots,Badminton,YLONatwvqJfikKOmB5N9U
Sengkang Hockey Pitch & Outdoor Pickleball Courts,5Z64Jih8Cp9UFa4uG9VY0,https://activesg.gov.sg/facility-bookings/activities/BPQihVHITc7IPGorVeB2Y/venues/5Z64Jih8Cp9UFa4uG9VY0/timeslots,Pickleball | Hockey | Hockey (Night),BPQihVHITc7IPGorVeB2Y | oiJVOW7FNTuKB07f1JaZU | W8c1ujw048h9x2zq41dBA
Sengkang Sport Centre - Table Tennis Area,d2rcbYEKj84TSo5vt69Uo,https://activesg.gov.sg/facility-bookings/activities/lpa7rfS4ShmUUt7XsFJlD/venues/d2rcbYEKj84TSo5vt69Uo/timeslots,Table Tennis,lpa7rfS4ShmUUt7XsFJlD
Sengkang Sport Hall,cRyHuTcU77VZY7Er3jVf5,https://activesg.gov.sg/facility-bookings/activities/YLONatwvqJfikKOmB5N9U/venues/cRyHuTcU77VZY7Er3jVf5/timeslots,Badminton,YLONatwvqJfikKOmB5N9U
Senja-Cashew Sport Hall,JEBGvnHbjLScZCVrgAorv,https://activesg.gov.sg/facility-bookings/activities/YLONatwvqJfikKOmB5N9U/venues/JEBGvnHbjLScZCVrgAorv/timeslots,Badminton | Table Tennis,YLONatwvqJfikKOmB5N9U | lpa7rfS4ShmUUt7XsFJlD
Senja-Cashew Tennis Centre,SMxd4ViajZyyElt7u3BqR,https://activesg.gov.sg/facility-bookings/activities/B0KovYOcQun1mA4VowDq0/venues/SMxd4ViajZyyElt7u3BqR/timeslots,Tennis,B0KovYOcQun1mA4VowDq0
Serangoon Garden Secondary School Field,0vAUeKQGD9hggg1DUOmvO,https://activesg.gov.sg/facility-bookings/activities/qSP0nrWIP8357EAeeLo4Z/venues/0vAUeKQGD9hggg1DUOmvO/timeslots,Soccer,qSP0nrWIP8357EAeeLo4Z
Serangoon Garden Secondary School Hall,HOBvXHvooY9higfh69TVj,https://activesg.gov.sg/facility-bookings/activities/YLONatwvqJfikKOmB5N9U/venues/HOBvXHvooY9higfh69TVj/timeslots,Badminton,YLONatwvqJfikKOmB5N9U
Serangoon Secondary School Hall,3DEYLIkm07HzOjfurjKvC,https://activesg.gov.sg/facility-bookings/activities/YLONatwvqJfikKOmB5N9U/venues/3DEYLIkm07HzOjfurjKvC/timeslots,Badminton,YLONatwvqJfikKOmB5N9U
Serangoon Swimming Complex - Table Tennis Area,L4LX2bHtLU4s7d2Np7lOm,https://activesg.gov.sg/facility-bookings/activities/lpa7rfS4ShmUUt7XsFJlD/venues/L4LX2bHtLU4s7d2Np7lOm/timeslots,Table Tennis,lpa7rfS4ShmUUt7XsFJlD
Shuqun Primary School Hall,lKEsT2QFlC9IvEZBD4SYr,https://activesg.gov.sg/facility-bookings/activities/YLONatwvqJfikKOmB5N9U/venues/lKEsT2QFlC9IvEZBD4SYr/timeslots,Badminton,YLONatwvqJfikKOmB5N9U
Si Ling Primary School Field,yL1LEvNqrKuplcb1mikuW,https://activesg.gov.sg/facility-bookings/activities/naPJABNOkipmCtzJsHzHo/venues/yL1LEvNqrKuplcb1mikuW/timeslots,Free To Play,naPJABNOkipmCtzJsHzHo
South View Primary School Hall,859QPd8kzWT2vhgK5xlFd,https://activesg.gov.sg/facility-bookings/activities/YLONatwvqJfikKOmB5N9U/venues/859QPd8kzWT2vhgK5xlFd/timeslots,Badminton,YLONatwvqJfikKOmB5N9U
St. Anthony's Primary School Hall,XXjIDkenq2PJCl0K9Z0QP,https://activesg.gov.sg/facility-bookings/activities/YLONatwvqJfikKOmB5N9U/venues/XXjIDkenq2PJCl0K9Z0QP/timeslots,Badminton,YLONatwvqJfikKOmB5N9U
St. Gabriel's Secondary School Field,Jj2GHfkJGIAL6HzvciHbB,https://activesg.gov.sg/facility-bookings/activities/qSP0nrWIP8357EAeeLo4Z/venues/Jj2GHfkJGIAL6HzvciHbB/timeslots,Soccer,qSP0nrWIP8357EAeeLo4Z
St. Gabriel's Secondary School Hall,RBC3BhHXlonpOAHS8vVYH,https://activesg.gov.sg/facility-bookings/activities/YLONatwvqJfikKOmB5N9U/venues/RBC3BhHXlonpOAHS8vVYH/timeslots,Badminton,YLONatwvqJfikKOmB5N9U
St. Patrick's School (Secondary) Hall,wWoS5nZbFk3tHmAYsWAEh,https://activesg.gov.sg/facility-bookings/activities/BPQihVHITc7IPGorVeB2Y/venues/wWoS5nZbFk3tHmAYsWAEh/timeslots,Pickleball,BPQihVHITc7IPGorVeB2Y
St. Wilfred Field,kIDvJJU7pd8gCdLGjOV8Y,https://activesg.gov.sg/facility-bookings/activities/NgyHfjIo82MJwxldnLRxi/venues/kIDvJJU7pd8gCdLGjOV8Y/timeslots,Soccer (5-A-Side) | Soccer (5-A-Side)(Night),NgyHfjIo82MJwxldnLRxi | BuVcuAceJwBRqZV3uJqaQ
St. Wilfred Squash Centre,oDlx6YpGHkzRaYZiRoyjV,https://activesg.gov.sg/facility-bookings/activities/LpU5wm359gvhKzEvHFt6F/venues/oDlx6YpGHkzRaYZiRoyjV/timeslots,Squash,LpU5wm359gvhKzEvHFt6F
St. Wilfred Tennis Centre,VwxjQfIfutjiJJK7GU5m5,https://activesg.gov.sg/facility-bookings/activities/B0KovYOcQun1mA4VowDq0/venues/VwxjQfIfutjiJJK7GU5m5/timeslots,Tennis,B0KovYOcQun1mA4VowDq0
Swiss Cottage Secondary School Hall,hYycEG6ZKDzU9hPtylTnO,https://activesg.gov.sg/facility-bookings/activities/YLONatwvqJfikKOmB5N9U/venues/hYycEG6ZKDzU9hPtylTnO/timeslots,Badminton,YLONatwvqJfikKOmB5N9U
Tanjong Katong Primary School Hall,vaQGoXpxWgK2dmKgDLRM5,https://activesg.gov.sg/facility-bookings/activities/CyIu0PE42fqR0SHD7XwMB/venues/vaQGoXpxWgK2dmKgDLRM5/timeslots,Basketball,CyIu0PE42fqR0SHD7XwMB
Tanjong Katong Secondary School Field,a4a8iUqKHlmGBR0zrO5DW,https://activesg.gov.sg/facility-bookings/activities/qSP0nrWIP8357EAeeLo4Z/venues/a4a8iUqKHlmGBR0zrO5DW/timeslots,Soccer,qSP0nrWIP8357EAeeLo4Z
Tanjong Katong Secondary School Hall,ayk73nfa5uditdsT413Mg,https://activesg.gov.sg/facility-bookings/activities/8WxkVBEDsT9TzydhZ81pK/venues/ayk73nfa5uditdsT413Mg/timeslots,Netball,8WxkVBEDsT9TzydhZ81pK
Teck Ghee Primary School Hall,9tXy1KidVs30boQrZL9UJ,https://activesg.gov.sg/facility-bookings/activities/YLONatwvqJfikKOmB5N9U/venues/9tXy1KidVs30boQrZL9UJ/timeslots,Badminton,YLONatwvqJfikKOmB5N9U
Telok Kurau Primary School Field,tSYsbdXdWLim9qkSap97f,https://activesg.gov.sg/facility-bookings/activities/naPJABNOkipmCtzJsHzHo/venues/tSYsbdXdWLim9qkSap97f/timeslots,Free To Play,naPJABNOkipmCtzJsHzHo
Telok Kurau Primary School Hall,cVrK1OtvKUrGCFJ0eQeXM,https://activesg.gov.sg/facility-bookings/activities/CyIu0PE42fqR0SHD7XwMB/venues/cVrK1OtvKUrGCFJ0eQeXM/timeslots,Basketball,CyIu0PE42fqR0SHD7XwMB
Temasek Primary School Field,KoFpA5UeROoh1QN4s0g0w,https://activesg.gov.sg/facility-bookings/activities/naPJABNOkipmCtzJsHzHo/venues/KoFpA5UeROoh1QN4s0g0w/timeslots,Free To Play,naPJABNOkipmCtzJsHzHo
Townsville Primary School Field,2tARK6DN5QJkJmqEpaLlo,https://activesg.gov.sg/facility-bookings/activities/naPJABNOkipmCtzJsHzHo/venues/2tARK6DN5QJkJmqEpaLlo/timeslots,Free To Play,naPJABNOkipmCtzJsHzHo
Townsville Primary School Hall,9woSUBifmxK6x5JNtUUYU,https://activesg.gov.sg/facility-bookings/activities/YLONatwvqJfikKOmB5N9U/venues/9woSUBifmxK6x5JNtUUYU/timeslots,Badminton,YLONatwvqJfikKOmB5N9U
Unity Primary School Hall,lPVLkQadHo9kcrsVzXn0w,https://activesg.gov.sg/facility-bookings/activities/YLONatwvqJfikKOmB5N9U/venues/lPVLkQadHo9kcrsVzXn0w/timeslots,Badminton,YLONatwvqJfikKOmB5N9U
Unity Secondary School Field,pEmb6ZtAyE4lJcIxbl732,https://activesg.gov.sg/facility-bookings/activities/qSP0nrWIP8357EAeeLo4Z/venues/pEmb6ZtAyE4lJcIxbl732/timeslots,Soccer,qSP0nrWIP8357EAeeLo4Z
Unity Secondary School Hall,F3xRj0oJrtsATkGAjjExT,https://activesg.gov.sg/facility-bookings/activities/YLONatwvqJfikKOmB5N9U/venues/F3xRj0oJrtsATkGAjjExT/timeslots,Badminton,YLONatwvqJfikKOmB5N9U
Valour Primary School Field,dWn5EP7FlmYMKxv59PHKA,https://activesg.gov.sg/facility-bookings/activities/naPJABNOkipmCtzJsHzHo/venues/dWn5EP7FlmYMKxv59PHKA/timeslots,Free To Play,naPJABNOkipmCtzJsHzHo
Victoria School (Secondary) Hall,cJtCxFJQpjJFORg3zT8tM,https://activesg.gov.sg/facility-bookings/activities/CyIu0PE42fqR0SHD7XwMB/venues/cJtCxFJQpjJFORg3zT8tM/timeslots,Basketball,CyIu0PE42fqR0SHD7XwMB
Waterway Primary School Hall,9bkrZugmsZepQ2jtTajzm,https://activesg.gov.sg/facility-bookings/activities/YLONatwvqJfikKOmB5N9U/venues/9bkrZugmsZepQ2jtTajzm/timeslots,Badminton,YLONatwvqJfikKOmB5N9U
Wellington Primary School Field,su3UoQOrCIHe9dwhyZ2mY,https://activesg.gov.sg/facility-bookings/activities/naPJABNOkipmCtzJsHzHo/venues/su3UoQOrCIHe9dwhyZ2mY/timeslots,Free To Play,naPJABNOkipmCtzJsHzHo
Wellington Primary School Hall,Nyj8pYIPzftWajtf8Kh7b,https://activesg.gov.sg/facility-bookings/activities/YLONatwvqJfikKOmB5N9U/venues/Nyj8pYIPzftWajtf8Kh7b/timeslots,Badminton | Pickleball,YLONatwvqJfikKOmB5N9U | BPQihVHITc7IPGorVeB2Y
West Spring Secondary School Field,DpiKgWLmVws2Jw0TxJvr7,https://activesg.gov.sg/facility-bookings/activities/qSP0nrWIP8357EAeeLo4Z/venues/DpiKgWLmVws2Jw0TxJvr7/timeslots,Soccer,qSP0nrWIP8357EAeeLo4Z
West Spring Secondary School Hall,uXCwxqmmAXco2c7k7tnPl,https://activesg.gov.sg/facility-bookings/activities/3HIXIVGIe4qgenT2kKc3F/venues/uXCwxqmmAXco2c7k7tnPl/timeslots,Volleyball,3HIXIVGIe4qgenT2kKc3F
West View Primary School Hall,OnP973cyRwtiEV383oTO5,https://activesg.gov.sg/facility-bookings/activities/YLONatwvqJfikKOmB5N9U/venues/OnP973cyRwtiEV383oTO5/timeslots,Badminton,YLONatwvqJfikKOmB5N9U
Westwood Secondary School Field,GNtbJ9q4SGwvuDFCs2bR0,https://activesg.gov.sg/facility-bookings/activities/qSP0nrWIP8357EAeeLo4Z/venues/GNtbJ9q4SGwvuDFCs2bR0/timeslots,Soccer,qSP0nrWIP8357EAeeLo4Z
Westwood Secondary School Hall,QT8qwI8IX05TghAKm2cL1,https://activesg.gov.sg/facility-bookings/activities/YLONatwvqJfikKOmB5N9U/venues/QT8qwI8IX05TghAKm2cL1/timeslots,Badminton,YLONatwvqJfikKOmB5N9U
White Sands Primary School Hall,ug5GwogQNQUGGiZX19KV2,https://activesg.gov.sg/facility-bookings/activities/bkymg5uAXztk5EVTXCmyk/venues/ug5GwogQNQUGGiZX19KV2/timeslots,Floorball,bkymg5uAXztk5EVTXCmyk
Whitley Secondary School Hall,US6TJ1M2qrDBEIXuEBbrT,https://activesg.gov.sg/facility-bookings/activities/YLONatwvqJfikKOmB5N9U/venues/US6TJ1M2qrDBEIXuEBbrT/timeslots,Badminton,YLONatwvqJfikKOmB5N9U
Woodgrove Primary School Hall,Qulnp10Fos2i45rlgrA5b,https://activesg.gov.sg/facility-bookings/activities/YLONatwvqJfikKOmB5N9U/venues/Qulnp10Fos2i45rlgrA5b/timeslots,Badminton,YLONatwvqJfikKOmB5N9U
Woodgrove Secondary School Field,iDLXL8ik2u4tI2m6sBktl,https://activesg.gov.sg/facility-bookings/activities/qSP0nrWIP8357EAeeLo4Z/venues/iDLXL8ik2u4tI2m6sBktl/timeslots,Soccer,qSP0nrWIP8357EAeeLo4Z
Woodlands Primary School Hall,63t5cBZesyT4pcqA2A4Cc,https://activesg.gov.sg/facility-bookings/activities/3HIXIVGIe4qgenT2kKc3F/venues/63t5cBZesyT4pcqA2A4Cc/timeslots,Volleyball,3HIXIVGIe4qgenT2kKc3F
Woodlands Ring Primary School Field,4EkBdFhSh3XUwyBbayfmC,https://activesg.gov.sg/facility-bookings/activities/naPJABNOkipmCtzJsHzHo/venues/4EkBdFhSh3XUwyBbayfmC/timeslots,Free To Play,naPJABNOkipmCtzJsHzHo
Woodlands Secondary School Field,BVVTqrlrJMPpT7qFNpSoq,https://activesg.gov.sg/facility-bookings/activities/qSP0nrWIP8357EAeeLo4Z/venues/BVVTqrlrJMPpT7qFNpSoq/timeslots,Soccer,qSP0nrWIP8357EAeeLo4Z
Woodlands Secondary School Hall,ZYCSb8V69HUhNJeDKsEJf,https://activesg.gov.sg/facility-bookings/activities/YLONatwvqJfikKOmB5N9U/venues/ZYCSb8V69HUhNJeDKsEJf/timeslots,Badminton,YLONatwvqJfikKOmB5N9U
Woodlands Sport Hall,OzrxvbMIJ0qQEw9h0suQT,https://activesg.gov.sg/facility-bookings/activities/YLONatwvqJfikKOmB5N9U/venues/OzrxvbMIJ0qQEw9h0suQT/timeslots,Badminton | Table Tennis,YLONatwvqJfikKOmB5N9U | lpa7rfS4ShmUUt7XsFJlD
Xinghua Primary School Hall,IRzXPAeprtFuFudllhREU,https://activesg.gov.sg/facility-bookings/activities/YLONatwvqJfikKOmB5N9U/venues/IRzXPAeprtFuFudllhREU/timeslots,Badminton,YLONatwvqJfikKOmB5N9U
Xingnan Primary School Field,xKBPlxdrXMBv2QUbTX44D,https://activesg.gov.sg/facility-bookings/activities/naPJABNOkipmCtzJsHzHo/venues/xKBPlxdrXMBv2QUbTX44D/timeslots,Free To Play,naPJABNOkipmCtzJsHzHo
Xingnan Primary School Hall,pzyejUY2TnI3owsynBQYK,https://activesg.gov.sg/facility-bookings/activities/BPQihVHITc7IPGorVeB2Y/venues/pzyejUY2TnI3owsynBQYK/timeslots,Pickleball,BPQihVHITc7IPGorVeB2Y
Xinmin Secondary School Field,YsxEVhdn3FZeTHqSL1GcP,https://activesg.gov.sg/facility-bookings/activities/naPJABNOkipmCtzJsHzHo/venues/YsxEVhdn3FZeTHqSL1GcP/timeslots,Free To Play,naPJABNOkipmCtzJsHzHo
Yangzheng Primary School Hall,UkhnVOqtnuXgxhrU9osWK,https://activesg.gov.sg/facility-bookings/activities/BPQihVHITc7IPGorVeB2Y/venues/UkhnVOqtnuXgxhrU9osWK/timeslots,Pickleball,BPQihVHITc7IPGorVeB2Y
Yew Tee Primary School Hall,2WrvLIqNbrSAwb6f2QMkd,https://activesg.gov.sg/facility-bookings/activities/YLONatwvqJfikKOmB5N9U/venues/2WrvLIqNbrSAwb6f2QMkd/timeslots,Badminton,YLONatwvqJfikKOmB5N9U
Yio Chu Kang Beach Volleyball Courts,YNIkzzzJaEnQHn0kd6Tkg,https://activesg.gov.sg/facility-bookings/activities/9Ew144FICCwnGXbgDXml0/venues/YNIkzzzJaEnQHn0kd6Tkg/timeslots,Beach Volleyball,9Ew144FICCwnGXbgDXml0
Yio Chu Kang Primary School Field,wtt0cEvlysnjW0cxOHMTG,https://activesg.gov.sg/facility-bookings/activities/naPJABNOkipmCtzJsHzHo/venues/wtt0cEvlysnjW0cxOHMTG/timeslots,Free To Play,naPJABNOkipmCtzJsHzHo
Yio Chu Kang Primary School Hall,rhK3pSR5ifFrB2AVCMOeK,https://activesg.gov.sg/facility-bookings/activities/YLONatwvqJfikKOmB5N9U/venues/rhK3pSR5ifFrB2AVCMOeK/timeslots,Badminton,YLONatwvqJfikKOmB5N9U
Yio Chu Kang Secondary School Field,LBfgkt9acBccyJ4EAfQKw,https://activesg.gov.sg/facility-bookings/activities/qSP0nrWIP8357EAeeLo4Z/venues/LBfgkt9acBccyJ4EAfQKw/timeslots,Soccer,qSP0nrWIP8357EAeeLo4Z
Yio Chu Kang Secondary School Hall,nMIUcV8GPzzfSkcxPCrIN,https://activesg.gov.sg/facility-bookings/activities/YLONatwvqJfikKOmB5N9U/venues/nMIUcV8GPzzfSkcxPCrIN/timeslots,Badminton,YLONatwvqJfikKOmB5N9U
Yio Chu Kang Sport Hall,pYMh2B4kDjs6JEE5SoxbJ,https://activesg.gov.sg/facility-bookings/activities/YLONatwvqJfikKOmB5N9U/venues/pYMh2B4kDjs6JEE5SoxbJ/timeslots,Badminton | Table Tennis,YLONatwvqJfikKOmB5N9U | lpa7rfS4ShmUUt7XsFJlD
Yio Chu Kang Squash Centre,6TDdHvql0H4bq2rHHreuV,https://activesg.gov.sg/facility-bookings/activities/LpU5wm359gvhKzEvHFt6F/venues/6TDdHvql0H4bq2rHHreuV/timeslots,Squash,LpU5wm359gvhKzEvHFt6F
Yio Chu Kang Tennis Centre,xy4lmaxxh1yZQwO9bJ9zP,https://activesg.gov.sg/facility-bookings/activities/Yze2WwODgEaBXVtBQ0ze9/venues/xy4lmaxxh1yZQwO9bJ9zP/timeslots,Mini Tennis | Tennis,Yze2WwODgEaBXVtBQ0ze9 | B0KovYOcQun1mA4VowDq0
Yio Chu Kang Tennis Centre - ActiveGroove Dance Zone,coaGBNwguDdr4MLJO254R,https://activesg.gov.sg/facility-bookings/activities/DbJUiIz38SkngQHk2Eg07/venues/coaGBNwguDdr4MLJO254R/timeslots,Dance,DbJUiIz38SkngQHk2Eg07
Yishun Primary School Field,z4cy2PFBLSrD7w6E8Sbh5,https://activesg.gov.sg/facility-bookings/activities/naPJABNOkipmCtzJsHzHo/venues/z4cy2PFBLSrD7w6E8Sbh5/timeslots,Free To Play,naPJABNOkipmCtzJsHzHo
Yishun Primary School Hall,ojB243CSdOOmCDy6JZlae,https://activesg.gov.sg/facility-bookings/activities/YLONatwvqJfikKOmB5N9U/venues/ojB243CSdOOmCDy6JZlae/timeslots,Badminton,YLONatwvqJfikKOmB5N9U
Yishun Secondary School Hall,nm8H0TYFkiiOWvx5YqZB8,https://activesg.gov.sg/facility-bookings/activities/YLONatwvqJfikKOmB5N9U/venues/nm8H0TYFkiiOWvx5YqZB8/timeslots,Badminton,YLONatwvqJfikKOmB5N9U
Yishun Sport Centre - ActiveGroove Dance Zone,OTylxrtsK1om0x7LP6GV1,https://activesg.gov.sg/facility-bookings/activities/DbJUiIz38SkngQHk2Eg07/venues/OTylxrtsK1om0x7LP6GV1/timeslots,Dance,DbJUiIz38SkngQHk2Eg07
Yishun Sport Hall,gwkeAKobIqSCOXA6OgULY,https://activesg.gov.sg/facility-bookings/activities/YLONatwvqJfikKOmB5N9U/venues/gwkeAKobIqSCOXA6OgULY/timeslots,Badminton | Pickleball | Table Tennis,YLONatwvqJfikKOmB5N9U | BPQihVHITc7IPGorVeB2Y | lpa7rfS4ShmUUt7XsFJlD
Yishun Town Secondary School Hall,P2fLTWSMzdMj3ZI2V1wVy,https://activesg.gov.sg/facility-bookings/activities/YLONatwvqJfikKOmB5N9U/venues/P2fLTWSMzdMj3ZI2V1wVy/timeslots,Badminton,YLONatwvqJfikKOmB5N9U
Yu Neng Primary School Hall,4tgYHop0DWaE13MTyljP6,https://activesg.gov.sg/facility-bookings/activities/3HIXIVGIe4qgenT2kKc3F/venues/4tgYHop0DWaE13MTyljP6/timeslots,Volleyball,3HIXIVGIe4qgenT2kKc3F
Yuan Ching Secondary School Field,w7Gmaavhsoi5NnyT3A5uY,https://activesg.gov.sg/facility-bookings/activities/qSP0nrWIP8357EAeeLo4Z/venues/w7Gmaavhsoi5NnyT3A5uY/timeslots,Soccer,qSP0nrWIP8357EAeeLo4Z
Yuan Ching Secondary School Hall,vW0Nt7VfFelL2kKdKIx2p,https://activesg.gov.sg/facility-bookings/activities/YLONatwvqJfikKOmB5N9U/venues/vW0Nt7VfFelL2kKdKIx2p/timeslots,Badminton,YLONatwvqJfikKOmB5N9U
Yuhua Primary School Hall,sKQu9UyewFBDNeWqqJlil,https://activesg.gov.sg/facility-bookings/activities/YLONatwvqJfikKOmB5N9U/venues/sKQu9UyewFBDNeWqqJlil/timeslots,Badminton,YLONatwvqJfikKOmB5N9U
Yuhua Secondary School Field,nRyARaW32XWftLsS1WCyx,https://activesg.gov.sg/facility-bookings/activities/naPJABNOkipmCtzJsHzHo/venues/nRyARaW32XWftLsS1WCyx/timeslots,Free To Play,naPJABNOkipmCtzJsHzHo
Yuhua Secondary School Hall,G23SjWbjouYpJcM348ftC,https://activesg.gov.sg/facility-bookings/activities/3HIXIVGIe4qgenT2kKc3F/venues/G23SjWbjouYpJcM348ftC/timeslots,Volleyball,3HIXIVGIe4qgenT2kKc3F
Yumin Primary School Hall,Fezl9y3A9c9SpVSyRDr0u,https://activesg.gov.sg/facility-bookings/activities/bkymg5uAXztk5EVTXCmyk/venues/Fezl9y3A9c9SpVSyRDr0u/timeslots,Floorball,bkymg5uAXztk5EVTXCmyk
Yuying Secondary School Hall,OzvJb0FUH0Knj2NJotTyL,https://activesg.gov.sg/facility-bookings/activities/3HIXIVGIe4qgenT2kKc3F/venues/OzvJb0FUH0Knj2NJotTyL/timeslots,Volleyball,3HIXIVGIe4qgenT2kKc3F
Zhenghua Secondary School Hall,NjpJyWVdpfbjwLulgwBcX,https://activesg.gov.sg/facility-bookings/activities/3HIXIVGIe4qgenT2kKc3F/venues/NjpJyWVdpfbjwLulgwBcX/timeslots,Volleyball,3HIXIVGIe4qgenT2kKc3F
Zhonghua Primary School Hall,hk36GXwN2zUdZuB8Ylxt5,https://activesg.gov.sg/facility-bookings/activities/YLONatwvqJfikKOmB5N9U/venues/hk36GXwN2zUdZuB8Ylxt5/timeslots,Badminton,YLONatwvqJfikKOmB5N9U
Zhonghua Secondary School Hall,8xQCe0Lzl4RXK40l4ZLU7,https://activesg.gov.sg/facility-bookings/activities/YLONatwvqJfikKOmB5N9U/venues/8xQCe0Lzl4RXK40l4ZLU7/timeslots,Badminton,YLONatwvqJfikKOmB5N9U
